{
  "3. Hotel Search" : {
    "transaction" : "3. Hotel Search",
    "sampleCount" : 1000,
    "errorCount" : 0,
    "errorPct" : 0.0,
    "meanResTime" : 435.39499999999936,
    "medianResTime" : 426.0,
    "minResTime" : 66.0,
    "maxResTime" : 1598.0,
    "pct1ResTime" : 680.0,
    "pct2ResTime" : 786.8999999999999,
    "pct3ResTime" : 1091.88,
    "throughput" : 24.873146950552183,
    "receivedKBytesPerSec" : 266.2689813202666,
    "sentKBytesPerSec" : 4.906616878917521
  },
  "14. Create User (Kafka Event)" : {
    "transaction" : "14. Create User (Kafka Event)",
    "sampleCount" : 50,
    "errorCount" : 50,
    "errorPct" : 100.0,
    "meanResTime" : 65.86,
    "medianResTime" : 64.0,
    "minResTime" : 47.0,
    "maxResTime" : 95.0,
    "pct1ResTime" : 82.8,
    "pct2ResTime" : 92.89999999999999,
    "pct3ResTime" : 95.0,
    "throughput" : 10.016025641025642,
    "receivedKBytesPerSec" : 3.0908829126602564,
    "sentKBytesPerSec" : 4.127698066907051
  },
  "9. Get User Bookings" : {
    "transaction" : "9. Get User Bookings",
    "sampleCount" : 1000,
    "errorCount" : 0,
    "errorPct" : 0.0,
    "meanResTime" : 161.72200000000024,
    "medianResTime" : 143.0,
    "minResTime" : 17.0,
    "maxResTime" : 529.0,
    "pct1ResTime" : 283.9,
    "pct2ResTime" : 346.89999999999986,
    "pct3ResTime" : 471.8800000000001,
    "throughput" : 24.94200982715187,
    "receivedKBytesPerSec" : 1129.8747989050457,
    "sentKBytesPerSec" : 3.7997593096051676
  },
  "13. Process Payment (Saga Pattern)" : {
    "transaction" : "13. Process Payment (Saga Pattern)",
    "sampleCount" : 50,
    "errorCount" : 50,
    "errorPct" : 100.0,
    "meanResTime" : 13.420000000000002,
    "medianResTime" : 11.0,
    "minResTime" : 6.0,
    "maxResTime" : 49.0,
    "pct1ResTime" : 19.0,
    "pct2ResTime" : 31.599999999999966,
    "pct3ResTime" : 49.0,
    "throughput" : 10.164667615368977,
    "receivedKBytesPerSec" : 3.623148124618825,
    "sentKBytesPerSec" : 2.8786656332587928
  },
  "4. Hotel Details" : {
    "transaction" : "4. Hotel Details",
    "sampleCount" : 1000,
    "errorCount" : 0,
    "errorPct" : 0.0,
    "meanResTime" : 298.27700000000016,
    "medianResTime" : 291.0,
    "minResTime" : 10.0,
    "maxResTime" : 810.0,
    "pct1ResTime" : 502.69999999999993,
    "pct2ResTime" : 564.8499999999998,
    "pct3ResTime" : 673.95,
    "throughput" : 24.916529625753725,
    "receivedKBytesPerSec" : 19.63636660935865,
    "sentKBytesPerSec" : 3.382224236308367
  },
  "6. Car Details" : {
    "transaction" : "6. Car Details",
    "sampleCount" : 1000,
    "errorCount" : 0,
    "errorPct" : 0.0,
    "meanResTime" : 350.05399999999946,
    "medianResTime" : 364.5,
    "minResTime" : 9.0,
    "maxResTime" : 874.0,
    "pct1ResTime" : 578.9,
    "pct2ResTime" : 650.9499999999999,
    "pct3ResTime" : 840.99,
    "throughput" : 24.929573953581134,
    "receivedKBytesPerSec" : 16.627831064742104,
    "sentKBytesPerSec" : 3.28661375364595
  },
  "10. Create Booking" : {
    "transaction" : "10. Create Booking",
    "sampleCount" : 1000,
    "errorCount" : 0,
    "errorPct" : 0.0,
    "meanResTime" : 141.9819999999999,
    "medianResTime" : 136.5,
    "minResTime" : 18.0,
    "maxResTime" : 411.0,
    "pct1ResTime" : 247.89999999999998,
    "pct2ResTime" : 275.0,
    "pct3ResTime" : 328.98,
    "throughput" : 24.98625755834291,
    "receivedKBytesPerSec" : 14.079170518714708,
    "sentKBytesPerSec" : 8.637827319974015
  },
  "5. Car Search" : {
    "transaction" : "5. Car Search",
    "sampleCount" : 1000,
    "errorCount" : 0,
    "errorPct" : 0.0,
    "meanResTime" : 358.76499999999965,
    "medianResTime" : 340.5,
    "minResTime" : 56.0,
    "maxResTime" : 1847.0,
    "pct1ResTime" : 562.0,
    "pct2ResTime" : 633.8999999999999,
    "pct3ResTime" : 1040.820000000001,
    "throughput" : 24.886145882587165,
    "receivedKBytesPerSec" : 203.17205036955926,
    "sentKBytesPerSec" : 4.957786875046661
  },
  "Cache Test - Flight Search" : {
    "transaction" : "Cache Test - Flight Search",
    "sampleCount" : 20,
    "errorCount" : 0,
    "errorPct" : 0.0,
    "meanResTime" : 26.8,
    "medianResTime" : 19.0,
    "minResTime" : 12.0,
    "maxResTime" : 99.0,
    "pct1ResTime" : 78.6000000000001,
    "pct2ResTime" : 98.19999999999999,
    "pct3ResTime" : 99.0,
    "throughput" : 35.97122302158273,
    "receivedKBytesPerSec" : 13.208183453237409,
    "sentKBytesPerSec" : 7.44716726618705
  },
  "12. Create Booking (Kafka Event)" : {
    "transaction" : "12. Create Booking (Kafka Event)",
    "sampleCount" : 50,
    "errorCount" : 0,
    "errorPct" : 0.0,
    "meanResTime" : 65.88,
    "medianResTime" : 53.0,
    "minResTime" : 26.0,
    "maxResTime" : 250.0,
    "pct1ResTime" : 111.59999999999998,
    "pct2ResTime" : 189.24999999999972,
    "pct3ResTime" : 250.0,
    "throughput" : 10.052271813429835,
    "receivedKBytesPerSec" : 5.664219566747085,
    "sentKBytesPerSec" : 3.475101779252111
  },
  "7. Get User" : {
    "transaction" : "7. Get User",
    "sampleCount" : 1000,
    "errorCount" : 0,
    "errorPct" : 0.0,
    "meanResTime" : 92.62399999999992,
    "medianResTime" : 84.0,
    "minResTime" : 10.0,
    "maxResTime" : 324.0,
    "pct1ResTime" : 168.0,
    "pct2ResTime" : 188.94999999999993,
    "pct3ResTime" : 310.0,
    "throughput" : 24.943254096929486,
    "receivedKBytesPerSec" : 14.688263887156719,
    "sentKBytesPerSec" : 3.3614932279065126
  },
  "Total" : {
    "transaction" : "Total",
    "sampleCount" : 10170,
    "errorCount" : 100,
    "errorPct" : 0.9832842,
    "meanResTime" : 236.6696165191741,
    "medianResTime" : 184.0,
    "minResTime" : 6.0,
    "maxResTime" : 1847.0,
    "pct1ResTime" : 488.0,
    "pct2ResTime" : 566.4499999999989,
    "pct3ResTime" : 756.8699999999972,
    "throughput" : 250.83859510655094,
    "receivedKBytesPerSec" : 1686.0947943900455,
    "sentKBytesPerSec" : 46.76487658469811
  },
  "1. Flight Search" : {
    "transaction" : "1. Flight Search",
    "sampleCount" : 1000,
    "errorCount" : 0,
    "errorPct" : 0.0,
    "meanResTime" : 238.92400000000006,
    "medianResTime" : 204.5,
    "minResTime" : 9.0,
    "maxResTime" : 756.0,
    "pct1ResTime" : 422.0,
    "pct2ResTime" : 505.6999999999996,
    "pct3ResTime" : 671.9200000000001,
    "throughput" : 24.865725084543463,
    "receivedKBytesPerSec" : 9.130383429480803,
    "sentKBytesPerSec" : 5.147982146409389
  },
  "11. Top Properties Analytics" : {
    "transaction" : "11. Top Properties Analytics",
    "sampleCount" : 1000,
    "errorCount" : 0,
    "errorPct" : 0.0,
    "meanResTime" : 68.89700000000002,
    "medianResTime" : 63.0,
    "minResTime" : 8.0,
    "maxResTime" : 237.0,
    "pct1ResTime" : 123.0,
    "pct2ResTime" : 139.0,
    "pct3ResTime" : 173.99,
    "throughput" : 25.009378516943855,
    "receivedKBytesPerSec" : 9.818134925597098,
    "sentKBytesPerSec" : 5.104453232462173
  },
  "2. Flight Details" : {
    "transaction" : "2. Flight Details",
    "sampleCount" : 1000,
    "errorCount" : 0,
    "errorPct" : 0.0,
    "meanResTime" : 252.49600000000015,
    "medianResTime" : 257.0,
    "minResTime" : 13.0,
    "maxResTime" : 674.0,
    "pct1ResTime" : 426.0,
    "pct2ResTime" : 498.8499999999998,
    "pct3ResTime" : 544.8700000000001,
    "throughput" : 24.904739371902473,
    "receivedKBytesPerSec" : 18.824480736184096,
    "sentKBytesPerSec" : 3.283339663287924
  }
}