{
  "8. Get Booking" : {
    "transaction" : "8. Get Booking",
    "sampleCount" : 1000,
    "errorCount" : 1000,
    "errorPct" : 100.0,
    "meanResTime" : 36.475,
    "medianResTime" : 17.0,
    "minResTime" : 10.0,
    "maxResTime" : 696.0,
    "pct1ResTime" : 47.0,
    "pct2ResTime" : 83.8499999999998,
    "pct3ResTime" : 548.95,
    "throughput" : 9.334279206959637,
    "receivedKBytesPerSec" : 2.652612548071538,
    "sentKBytesPerSec" : 1.25793997125042
  },
  "3. Hotel Search" : {
    "transaction" : "3. Hotel Search",
    "sampleCount" : 1000,
    "errorCount" : 0,
    "errorPct" : 0.0,
    "meanResTime" : 4251.699,
    "medianResTime" : 4932.0,
    "minResTime" : 192.0,
    "maxResTime" : 5671.0,
    "pct1ResTime" : 5333.0,
    "pct2ResTime" : 5444.95,
    "pct3ResTime" : 5604.85,
    "throughput" : 9.371456418041928,
    "receivedKBytesPerSec" : 462.5416480701829,
    "sentKBytesPerSec" : 1.8486662074653022
  },
  "14. Create User (Kafka Event)" : {
    "transaction" : "14. Create User (Kafka Event)",
    "sampleCount" : 50,
    "errorCount" : 50,
    "errorPct" : 100.0,
    "meanResTime" : 67.56,
    "medianResTime" : 64.0,
    "minResTime" : 51.0,
    "maxResTime" : 104.0,
    "pct1ResTime" : 82.0,
    "pct2ResTime" : 89.79999999999998,
    "pct3ResTime" : 104.0,
    "throughput" : 7.457121551081283,
    "receivedKBytesPerSec" : 2.3012211036539894,
    "sentKBytesPerSec" : 3.073149701715138
  },
  "9. Get User Bookings" : {
    "transaction" : "9. Get User Bookings",
    "sampleCount" : 1000,
    "errorCount" : 0,
    "errorPct" : 0.0,
    "meanResTime" : 18.30100000000001,
    "medianResTime" : 16.0,
    "minResTime" : 8.0,
    "maxResTime" : 76.0,
    "pct1ResTime" : 26.899999999999977,
    "pct2ResTime" : 32.94999999999993,
    "pct3ResTime" : 55.0,
    "throughput" : 9.343087516700768,
    "receivedKBytesPerSec" : 438.28543979080825,
    "sentKBytesPerSec" : 1.4233609888723826
  },
  "13. Process Payment (Saga Pattern)" : {
    "transaction" : "13. Process Payment (Saga Pattern)",
    "sampleCount" : 50,
    "errorCount" : 50,
    "errorPct" : 100.0,
    "meanResTime" : 12.379999999999999,
    "medianResTime" : 11.5,
    "minResTime" : 5.0,
    "maxResTime" : 44.0,
    "pct1ResTime" : 16.9,
    "pct2ResTime" : 19.0,
    "pct3ResTime" : 44.0,
    "throughput" : 7.5075075075075075,
    "receivedKBytesPerSec" : 2.6760158596096097,
    "sentKBytesPerSec" : 2.1261495870870872
  },
  "4. Hotel Details" : {
    "transaction" : "4. Hotel Details",
    "sampleCount" : 1000,
    "errorCount" : 0,
    "errorPct" : 0.0,
    "meanResTime" : 20.512999999999998,
    "medianResTime" : 15.0,
    "minResTime" : 7.0,
    "maxResTime" : 134.0,
    "pct1ResTime" : 41.0,
    "pct2ResTime" : 51.94999999999993,
    "pct3ResTime" : 88.97000000000003,
    "throughput" : 9.397524691996129,
    "receivedKBytesPerSec" : 7.112384410446288,
    "sentKBytesPerSec" : 1.2756405587768183
  },
  "6. Car Details" : {
    "transaction" : "6. Car Details",
    "sampleCount" : 1000,
    "errorCount" : 0,
    "errorPct" : 0.0,
    "meanResTime" : 17.800999999999984,
    "medianResTime" : 14.0,
    "minResTime" : 7.0,
    "maxResTime" : 155.0,
    "pct1ResTime" : 24.0,
    "pct2ResTime" : 48.0,
    "pct3ResTime" : 85.0,
    "throughput" : 9.331143624962676,
    "receivedKBytesPerSec" : 6.0962256690429975,
    "sentKBytesPerSec" : 1.2301800677441026
  },
  "10. Create Booking" : {
    "transaction" : "10. Create Booking",
    "sampleCount" : 1000,
    "errorCount" : 1000,
    "errorPct" : 100.0,
    "meanResTime" : 61.87700000000004,
    "medianResTime" : 41.0,
    "minResTime" : 26.0,
    "maxResTime" : 762.0,
    "pct1ResTime" : 78.89999999999998,
    "pct2ResTime" : 110.89999999999986,
    "pct3ResTime" : 573.8100000000002,
    "throughput" : 9.345183025409552,
    "receivedKBytesPerSec" : 2.993378937826497,
    "sentKBytesPerSec" : 3.239785130879288
  },
  "5. Car Search" : {
    "transaction" : "5. Car Search",
    "sampleCount" : 1000,
    "errorCount" : 0,
    "errorPct" : 0.0,
    "meanResTime" : 4283.5710000000045,
    "medianResTime" : 4941.5,
    "minResTime" : 144.0,
    "maxResTime" : 5668.0,
    "pct1ResTime" : 5344.9,
    "pct2ResTime" : 5436.9,
    "pct3ResTime" : 5559.91,
    "throughput" : 9.311160356803665,
    "receivedKBytesPerSec" : 345.06747463290753,
    "sentKBytesPerSec" : 1.8549577273319802
  },
  "Cache Test - Flight Search" : {
    "transaction" : "Cache Test - Flight Search",
    "sampleCount" : 20,
    "errorCount" : 20,
    "errorPct" : 100.0,
    "meanResTime" : 38.6,
    "medianResTime" : 27.5,
    "minResTime" : 11.0,
    "maxResTime" : 110.0,
    "pct1ResTime" : 85.7,
    "pct2ResTime" : 108.79999999999998,
    "pct3ResTime" : 110.0,
    "throughput" : 24.93765586034913,
    "receivedKBytesPerSec" : 8.255727867830423,
    "sentKBytesPerSec" : 4.894989089775561
  },
  "12. Create Booking (Kafka Event)" : {
    "transaction" : "12. Create Booking (Kafka Event)",
    "sampleCount" : 50,
    "errorCount" : 50,
    "errorPct" : 100.0,
    "meanResTime" : 371.72,
    "medianResTime" : 370.0,
    "minResTime" : 36.0,
    "maxResTime" : 710.0,
    "pct1ResTime" : 615.8,
    "pct2ResTime" : 670.4,
    "pct3ResTime" : 710.0,
    "throughput" : 7.41399762752076,
    "receivedKBytesPerSec" : 2.3747961150652435,
    "sentKBytesPerSec" : 2.570282380634638
  },
  "7. Get User" : {
    "transaction" : "7. Get User",
    "sampleCount" : 1000,
    "errorCount" : 0,
    "errorPct" : 0.0,
    "meanResTime" : 15.159999999999993,
    "medianResTime" : 14.0,
    "minResTime" : 7.0,
    "maxResTime" : 52.0,
    "pct1ResTime" : 22.0,
    "pct2ResTime" : 26.0,
    "pct3ResTime" : 38.99000000000001,
    "throughput" : 9.333233778839693,
    "receivedKBytesPerSec" : 5.496035125625326,
    "sentKBytesPerSec" : 1.2577990834764428
  },
  "Total" : {
    "transaction" : "Total",
    "sampleCount" : 11170,
    "errorCount" : 4170,
    "errorPct" : 37.332138,
    "meanResTime" : 786.1794986571161,
    "medianResTime" : 18.0,
    "minResTime" : 5.0,
    "maxResTime" : 5671.0,
    "pct1ResTime" : 4746.0,
    "pct2ResTime" : 5168.0,
    "pct3ResTime" : 5430.289999999999,
    "throughput" : 103.36275979494013,
    "receivedKBytesPerSec" : 1271.5136720557343,
    "sentKBytesPerSec" : 18.700323326717005
  },
  "1. Flight Search" : {
    "transaction" : "1. Flight Search",
    "sampleCount" : 1000,
    "errorCount" : 1000,
    "errorPct" : 100.0,
    "meanResTime" : 18.21300000000002,
    "medianResTime" : 14.0,
    "minResTime" : 6.0,
    "maxResTime" : 78.0,
    "pct1ResTime" : 31.0,
    "pct2ResTime" : 40.0,
    "pct3ResTime" : 65.99000000000001,
    "throughput" : 9.539891054444157,
    "receivedKBytesPerSec" : 3.1582256518130567,
    "sentKBytesPerSec" : 1.8725762714289804
  },
  "11. Top Properties Analytics" : {
    "transaction" : "11. Top Properties Analytics",
    "sampleCount" : 1000,
    "errorCount" : 1000,
    "errorPct" : 100.0,
    "meanResTime" : 12.863999999999994,
    "medianResTime" : 12.0,
    "minResTime" : 6.0,
    "maxResTime" : 47.0,
    "pct1ResTime" : 18.0,
    "pct2ResTime" : 22.0,
    "pct3ResTime" : 32.97000000000003,
    "throughput" : 9.35401193571923,
    "receivedKBytesPerSec" : 3.206306825622509,
    "sentKBytesPerSec" : 1.9091684517239442
  },
  "2. Flight Details" : {
    "transaction" : "2. Flight Details",
    "sampleCount" : 1000,
    "errorCount" : 0,
    "errorPct" : 0.0,
    "meanResTime" : 21.796000000000014,
    "medianResTime" : 16.0,
    "minResTime" : 7.0,
    "maxResTime" : 187.0,
    "pct1ResTime" : 41.89999999999998,
    "pct2ResTime" : 54.0,
    "pct3ResTime" : 81.99000000000001,
    "throughput" : 9.545628102329134,
    "receivedKBytesPerSec" : 7.140577271859488,
    "sentKBytesPerSec" : 1.2584568298969072
  }
}