{
  "8. Get Booking" : {
    "transaction" : "8. Get Booking",
    "sampleCount" : 1000,
    "errorCount" : 1000,
    "errorPct" : 100.0,
    "meanResTime" : 250.66999999999965,
    "medianResTime" : 193.0,
    "minResTime" : 28.0,
    "maxResTime" : 940.0,
    "pct1ResTime" : 480.9,
    "pct2ResTime" : 584.9499999999999,
    "pct3ResTime" : 804.97,
    "throughput" : 21.17567338641369,
    "receivedKBytesPerSec" : 6.017696245553109,
    "sentKBytesPerSec" : 2.8537528587159073
  },
  "3. Hotel Search" : {
    "transaction" : "3. Hotel Search",
    "sampleCount" : 1000,
    "errorCount" : 0,
    "errorPct" : 0.0,
    "meanResTime" : 472.919,
    "medianResTime" : 482.5,
    "minResTime" : 110.0,
    "maxResTime" : 918.0,
    "pct1ResTime" : 647.9,
    "pct2ResTime" : 691.8999999999999,
    "pct3ResTime" : 824.96,
    "throughput" : 21.02563024326654,
    "receivedKBytesPerSec" : 225.450605538151,
    "sentKBytesPerSec" : 4.147634090956877
  },
  "14. Create User (Kafka Event)" : {
    "transaction" : "14. Create User (Kafka Event)",
    "sampleCount" : 50,
    "errorCount" : 50,
    "errorPct" : 100.0,
    "meanResTime" : 127.25999999999999,
    "medianResTime" : 115.5,
    "minResTime" : 64.0,
    "maxResTime" : 387.0,
    "pct1ResTime" : 159.5,
    "pct2ResTime" : 264.09999999999906,
    "pct3ResTime" : 387.0,
    "throughput" : 8.496176720475786,
    "receivedKBytesPerSec" : 2.6218670348343247,
    "sentKBytesPerSec" : 3.501354078164826
  },
  "9. Get User Bookings" : {
    "transaction" : "9. Get User Bookings",
    "sampleCount" : 1000,
    "errorCount" : 0,
    "errorPct" : 0.0,
    "meanResTime" : 164.0090000000002,
    "medianResTime" : 156.5,
    "minResTime" : 16.0,
    "maxResTime" : 444.0,
    "pct1ResTime" : 274.0,
    "pct2ResTime" : 303.94999999999993,
    "pct3ResTime" : 389.95000000000005,
    "throughput" : 21.181952976064395,
    "receivedKBytesPerSec" : 993.6484341903198,
    "sentKBytesPerSec" : 3.2269381486973097
  },
  "13. Process Payment (Saga Pattern)" : {
    "transaction" : "13. Process Payment (Saga Pattern)",
    "sampleCount" : 50,
    "errorCount" : 50,
    "errorPct" : 100.0,
    "meanResTime" : 34.3,
    "medianResTime" : 30.5,
    "minResTime" : 13.0,
    "maxResTime" : 68.0,
    "pct1ResTime" : 61.0,
    "pct2ResTime" : 63.449999999999996,
    "pct3ResTime" : 68.0,
    "throughput" : 8.650519031141869,
    "receivedKBytesPerSec" : 3.0834369593425603,
    "sentKBytesPerSec" : 2.4498540224913494
  },
  "4. Hotel Details" : {
    "transaction" : "4. Hotel Details",
    "sampleCount" : 1000,
    "errorCount" : 0,
    "errorPct" : 0.0,
    "meanResTime" : 286.2389999999998,
    "medianResTime" : 277.5,
    "minResTime" : 30.0,
    "maxResTime" : 594.0,
    "pct1ResTime" : 457.0,
    "pct2ResTime" : 489.0,
    "pct3ResTime" : 533.97,
    "throughput" : 21.117540228914134,
    "receivedKBytesPerSec" : 16.49807830383917,
    "sentKBytesPerSec" : 2.8665411052920557
  },
  "6. Car Details" : {
    "transaction" : "6. Car Details",
    "sampleCount" : 1000,
    "errorCount" : 0,
    "errorPct" : 0.0,
    "meanResTime" : 292.04799999999994,
    "medianResTime" : 290.0,
    "minResTime" : 22.0,
    "maxResTime" : 591.0,
    "pct1ResTime" : 456.0,
    "pct2ResTime" : 502.0,
    "pct3ResTime" : 572.0,
    "throughput" : 21.159990689604097,
    "receivedKBytesPerSec" : 14.299524958209018,
    "sentKBytesPerSec" : 2.7896472100552274
  },
  "10. Create Booking" : {
    "transaction" : "10. Create Booking",
    "sampleCount" : 1000,
    "errorCount" : 1000,
    "errorPct" : 100.0,
    "meanResTime" : 498.56899999999985,
    "medianResTime" : 445.5,
    "minResTime" : 39.0,
    "maxResTime" : 1249.0,
    "pct1ResTime" : 843.9,
    "pct2ResTime" : 933.7999999999997,
    "pct3ResTime" : 1116.8300000000002,
    "throughput" : 21.195421788893597,
    "receivedKBytesPerSec" : 6.789158541754981,
    "sentKBytesPerSec" : 7.348022202204324
  },
  "5. Car Search" : {
    "transaction" : "5. Car Search",
    "sampleCount" : 1000,
    "errorCount" : 0,
    "errorPct" : 0.0,
    "meanResTime" : 470.1189999999998,
    "medianResTime" : 481.0,
    "minResTime" : 84.0,
    "maxResTime" : 920.0,
    "pct1ResTime" : 654.0,
    "pct2ResTime" : 695.0,
    "pct3ResTime" : 814.98,
    "throughput" : 21.099272075113408,
    "receivedKBytesPerSec" : 172.6266615676759,
    "sentKBytesPerSec" : 4.203370608713999
  },
  "Cache Test - Flight Search" : {
    "transaction" : "Cache Test - Flight Search",
    "sampleCount" : 20,
    "errorCount" : 20,
    "errorPct" : 100.0,
    "meanResTime" : 57.9,
    "medianResTime" : 45.5,
    "minResTime" : 20.0,
    "maxResTime" : 199.0,
    "pct1ResTime" : 100.80000000000004,
    "pct2ResTime" : 194.19999999999993,
    "pct3ResTime" : 199.0,
    "throughput" : 16.764459346186086,
    "receivedKBytesPerSec" : 5.549952849958088,
    "sentKBytesPerSec" : 3.2906800083822296
  },
  "12. Create Booking (Kafka Event)" : {
    "transaction" : "12. Create Booking (Kafka Event)",
    "sampleCount" : 50,
    "errorCount" : 50,
    "errorPct" : 100.0,
    "meanResTime" : 176.92000000000004,
    "medianResTime" : 168.0,
    "minResTime" : 77.0,
    "maxResTime" : 329.0,
    "pct1ResTime" : 271.5,
    "pct2ResTime" : 279.9,
    "pct3ResTime" : 329.0,
    "throughput" : 8.33472245374229,
    "receivedKBytesPerSec" : 2.6697157859643275,
    "sentKBytesPerSec" : 2.8894789756626107
  },
  "7. Get User" : {
    "transaction" : "7. Get User",
    "sampleCount" : 1000,
    "errorCount" : 0,
    "errorPct" : 0.0,
    "meanResTime" : 152.23900000000003,
    "medianResTime" : 149.0,
    "minResTime" : 12.0,
    "maxResTime" : 401.0,
    "pct1ResTime" : 247.0,
    "pct2ResTime" : 288.89999999999986,
    "pct3ResTime" : 329.0,
    "throughput" : 21.181055663814284,
    "receivedKBytesPerSec" : 12.472828677031263,
    "sentKBytesPerSec" : 2.854478204693722
  },
  "Total" : {
    "transaction" : "Total",
    "sampleCount" : 11170,
    "errorCount" : 4170,
    "errorPct" : 37.332138,
    "meanResTime" : 291.23769024171895,
    "medianResTime" : 248.0,
    "minResTime" : 11.0,
    "maxResTime" : 1249.0,
    "pct1ResTime" : 550.0,
    "pct2ResTime" : 636.0,
    "pct3ResTime" : 848.289999999999,
    "throughput" : 232.34046093684998,
    "receivedKBytesPerSec" : 1455.3417050607372,
    "sentKBytesPerSec" : 42.03488519479574
  },
  "1. Flight Search" : {
    "transaction" : "1. Flight Search",
    "sampleCount" : 1000,
    "errorCount" : 1000,
    "errorPct" : 100.0,
    "meanResTime" : 224.59100000000018,
    "medianResTime" : 223.5,
    "minResTime" : 22.0,
    "maxResTime" : 434.0,
    "pct1ResTime" : 324.0,
    "pct2ResTime" : 361.7999999999997,
    "pct3ResTime" : 409.0,
    "throughput" : 20.99252666050886,
    "receivedKBytesPerSec" : 6.949674353430178,
    "sentKBytesPerSec" : 4.120603377697539
  },
  "11. Top Properties Analytics" : {
    "transaction" : "11. Top Properties Analytics",
    "sampleCount" : 1000,
    "errorCount" : 1000,
    "errorPct" : 100.0,
    "meanResTime" : 140.09799999999967,
    "medianResTime" : 137.0,
    "minResTime" : 11.0,
    "maxResTime" : 332.0,
    "pct1ResTime" : 229.0,
    "pct2ResTime" : 271.8499999999998,
    "pct3ResTime" : 308.0,
    "throughput" : 21.246308453906135,
    "receivedKBytesPerSec" : 7.282670182930715,
    "sentKBytesPerSec" : 4.336404752799201
  },
  "2. Flight Details" : {
    "transaction" : "2. Flight Details",
    "sampleCount" : 1000,
    "errorCount" : 0,
    "errorPct" : 0.0,
    "meanResTime" : 283.5419999999998,
    "medianResTime" : 273.5,
    "minResTime" : 25.0,
    "maxResTime" : 615.0,
    "pct1ResTime" : 442.9,
    "pct2ResTime" : 483.94999999999993,
    "pct3ResTime" : 575.0,
    "throughput" : 21.05883839447416,
    "receivedKBytesPerSec" : 16.267130048856504,
    "sentKBytesPerSec" : 2.776311702396496
  }
}