{
  "3. Hotel Search" : {
    "transaction" : "3. Hotel Search",
    "sampleCount" : 1000,
    "errorCount" : 0,
    "errorPct" : 0.0,
    "meanResTime" : 528.538,
    "medianResTime" : 523.0,
    "minResTime" : 80.0,
    "maxResTime" : 1039.0,
    "pct1ResTime" : 768.9,
    "pct2ResTime" : 863.9499999999999,
    "pct3ResTime" : 977.0,
    "throughput" : 22.184262484193713,
    "receivedKBytesPerSec" : 237.87422077778027,
    "sentKBytesPerSec" : 4.376192404108526
  },
  "14. Create User (Kafka Event)" : {
    "transaction" : "14. Create User (Kafka Event)",
    "sampleCount" : 50,
    "errorCount" : 50,
    "errorPct" : 100.0,
    "meanResTime" : 117.45999999999998,
    "medianResTime" : 106.5,
    "minResTime" : 64.0,
    "maxResTime" : 474.0,
    "pct1ResTime" : 165.6,
    "pct2ResTime" : 174.35,
    "pct3ResTime" : 474.0,
    "throughput" : 9.767532721234616,
    "receivedKBytesPerSec" : 3.014199550693495,
    "sentKBytesPerSec" : 4.025291805040047
  },
  "9. Get User Bookings" : {
    "transaction" : "9. Get User Bookings",
    "sampleCount" : 1000,
    "errorCount" : 0,
    "errorPct" : 0.0,
    "meanResTime" : 224.63400000000001,
    "medianResTime" : 193.0,
    "minResTime" : 20.0,
    "maxResTime" : 920.0,
    "pct1ResTime" : 392.9,
    "pct2ResTime" : 484.74999999999966,
    "pct3ResTime" : 672.95,
    "throughput" : 22.310970304098525,
    "receivedKBytesPerSec" : 1010.7028600572277,
    "sentKBytesPerSec" : 3.39893688226501
  },
  "13. Process Payment (Saga Pattern)" : {
    "transaction" : "13. Process Payment (Saga Pattern)",
    "sampleCount" : 50,
    "errorCount" : 50,
    "errorPct" : 100.0,
    "meanResTime" : 28.840000000000014,
    "medianResTime" : 28.5,
    "minResTime" : 8.0,
    "maxResTime" : 74.0,
    "pct1ResTime" : 45.699999999999996,
    "pct2ResTime" : 63.19999999999993,
    "pct3ResTime" : 74.0,
    "throughput" : 9.883376161296699,
    "receivedKBytesPerSec" : 3.5228831043684523,
    "sentKBytesPerSec" : 2.7990030144297293
  },
  "4. Hotel Details" : {
    "transaction" : "4. Hotel Details",
    "sampleCount" : 1000,
    "errorCount" : 0,
    "errorPct" : 0.0,
    "meanResTime" : 314.44500000000005,
    "medianResTime" : 320.0,
    "minResTime" : 21.0,
    "maxResTime" : 765.0,
    "pct1ResTime" : 475.79999999999995,
    "pct2ResTime" : 508.94999999999993,
    "pct3ResTime" : 578.0,
    "throughput" : 22.236057991639242,
    "receivedKBytesPerSec" : 17.52392460864538,
    "sentKBytesPerSec" : 3.0183711531619672
  },
  "6. Car Details" : {
    "transaction" : "6. Car Details",
    "sampleCount" : 1000,
    "errorCount" : 0,
    "errorPct" : 0.0,
    "meanResTime" : 325.9779999999995,
    "medianResTime" : 330.5,
    "minResTime" : 24.0,
    "maxResTime" : 821.0,
    "pct1ResTime" : 488.0,
    "pct2ResTime" : 513.9499999999999,
    "pct3ResTime" : 632.98,
    "throughput" : 22.281143468282792,
    "receivedKBytesPerSec" : 14.861348621911276,
    "sentKBytesPerSec" : 2.9374554377130635
  },
  "10. Create Booking" : {
    "transaction" : "10. Create Booking",
    "sampleCount" : 1000,
    "errorCount" : 0,
    "errorPct" : 0.0,
    "meanResTime" : 222.7239999999998,
    "medianResTime" : 202.0,
    "minResTime" : 22.0,
    "maxResTime" : 935.0,
    "pct1ResTime" : 403.0,
    "pct2ResTime" : 434.94999999999993,
    "pct3ResTime" : 546.98,
    "throughput" : 22.340377999195745,
    "receivedKBytesPerSec" : 12.588279399937447,
    "sentKBytesPerSec" : 7.723138488003217
  },
  "5. Car Search" : {
    "transaction" : "5. Car Search",
    "sampleCount" : 1000,
    "errorCount" : 0,
    "errorPct" : 0.0,
    "meanResTime" : 513.083,
    "medianResTime" : 526.5,
    "minResTime" : 80.0,
    "maxResTime" : 1037.0,
    "pct1ResTime" : 790.9,
    "pct2ResTime" : 854.5499999999994,
    "pct3ResTime" : 963.99,
    "throughput" : 22.213336887467236,
    "receivedKBytesPerSec" : 181.741539495313,
    "sentKBytesPerSec" : 4.425313208050113
  },
  "Cache Test - Flight Search" : {
    "transaction" : "Cache Test - Flight Search",
    "sampleCount" : 20,
    "errorCount" : 0,
    "errorPct" : 0.0,
    "meanResTime" : 90.5,
    "medianResTime" : 77.5,
    "minResTime" : 31.0,
    "maxResTime" : 195.0,
    "pct1ResTime" : 176.20000000000002,
    "pct2ResTime" : 194.1,
    "pct3ResTime" : 195.0,
    "throughput" : 10.834236186348862,
    "receivedKBytesPerSec" : 3.978196099674973,
    "sentKBytesPerSec" : 2.243025460455038
  },
  "12. Create Booking (Kafka Event)" : {
    "transaction" : "12. Create Booking (Kafka Event)",
    "sampleCount" : 50,
    "errorCount" : 0,
    "errorPct" : 0.0,
    "meanResTime" : 115.80000000000004,
    "medianResTime" : 108.0,
    "minResTime" : 41.0,
    "maxResTime" : 208.0,
    "pct1ResTime" : 174.9,
    "pct2ResTime" : 186.89999999999998,
    "pct3ResTime" : 208.0,
    "throughput" : 9.578544061302681,
    "receivedKBytesPerSec" : 5.397285081417625,
    "sentKBytesPerSec" : 3.311332614942529
  },
  "7. Get User" : {
    "transaction" : "7. Get User",
    "sampleCount" : 1000,
    "errorCount" : 0,
    "errorPct" : 0.0,
    "meanResTime" : 159.69600000000014,
    "medianResTime" : 149.5,
    "minResTime" : 14.0,
    "maxResTime" : 423.0,
    "pct1ResTime" : 298.0,
    "pct2ResTime" : 332.89999999999986,
    "pct3ResTime" : 416.99,
    "throughput" : 22.328904767221168,
    "receivedKBytesPerSec" : 13.148759350228872,
    "sentKBytesPerSec" : 3.0091688065200404
  },
  "Total" : {
    "transaction" : "Total",
    "sampleCount" : 10170,
    "errorCount" : 100,
    "errorPct" : 0.9832842,
    "meanResTime" : 294.44110127827025,
    "medianResTime" : 262.0,
    "minResTime" : 8.0,
    "maxResTime" : 1039.0,
    "pct1ResTime" : 555.0,
    "pct2ResTime" : 675.8999999999978,
    "pct3ResTime" : 869.0,
    "throughput" : 222.5967431272982,
    "receivedKBytesPerSec" : 1497.041371298262,
    "sentKBytesPerSec" : 41.499631330984066
  },
  "1. Flight Search" : {
    "transaction" : "1. Flight Search",
    "sampleCount" : 1000,
    "errorCount" : 0,
    "errorPct" : 0.0,
    "meanResTime" : 222.303,
    "medianResTime" : 227.0,
    "minResTime" : 28.0,
    "maxResTime" : 439.0,
    "pct1ResTime" : 327.0,
    "pct2ResTime" : 348.94999999999993,
    "pct3ResTime" : 395.9000000000001,
    "throughput" : 22.13417738329755,
    "receivedKBytesPerSec" : 8.127393257929569,
    "sentKBytesPerSec" : 4.582466411385821
  },
  "11. Top Properties Analytics" : {
    "transaction" : "11. Top Properties Analytics",
    "sampleCount" : 1000,
    "errorCount" : 0,
    "errorPct" : 0.0,
    "meanResTime" : 155.34700000000007,
    "medianResTime" : 139.0,
    "minResTime" : 12.0,
    "maxResTime" : 398.0,
    "pct1ResTime" : 294.79999999999995,
    "pct2ResTime" : 319.0,
    "pct3ResTime" : 346.0,
    "throughput" : 22.403441168563493,
    "receivedKBytesPerSec" : 8.795100927502464,
    "sentKBytesPerSec" : 4.572577347880634
  },
  "2. Flight Details" : {
    "transaction" : "2. Flight Details",
    "sampleCount" : 1000,
    "errorCount" : 0,
    "errorPct" : 0.0,
    "meanResTime" : 312.803,
    "medianResTime" : 309.0,
    "minResTime" : 43.0,
    "maxResTime" : 806.0,
    "pct1ResTime" : 474.0,
    "pct2ResTime" : 517.9499999999999,
    "pct3ResTime" : 786.98,
    "throughput" : 22.199529369977355,
    "receivedKBytesPerSec" : 16.77972239488523,
    "sentKBytesPerSec" : 2.926695766549749
  }
}