{
  "8. Get Booking" : {
    "transaction" : "8. Get Booking",
    "sampleCount" : 1000,
    "errorCount" : 1000,
    "errorPct" : 100.0,
    "meanResTime" : 285.0429999999996,
    "medianResTime" : 245.5,
    "minResTime" : 36.0,
    "maxResTime" : 1019.0,
    "pct1ResTime" : 509.9,
    "pct2ResTime" : 635.9499999999999,
    "pct3ResTime" : 737.99,
    "throughput" : 19.722698854111194,
    "receivedKBytesPerSec" : 5.604790397017927,
    "sentKBytesPerSec" : 2.6579418377610793
  },
  "3. Hotel Search" : {
    "transaction" : "3. Hotel Search",
    "sampleCount" : 1000,
    "errorCount" : 0,
    "errorPct" : 0.0,
    "meanResTime" : 531.512,
    "medianResTime" : 524.0,
    "minResTime" : 124.0,
    "maxResTime" : 1344.0,
    "pct1ResTime" : 790.9,
    "pct2ResTime" : 827.9499999999999,
    "pct3ResTime" : 987.98,
    "throughput" : 19.6174595389897,
    "receivedKBytesPerSec" : 210.35127513487004,
    "sentKBytesPerSec" : 3.9464811181951935
  },
  "14. Create User (Kafka Event)" : {
    "transaction" : "14. Create User (Kafka Event)",
    "sampleCount" : 50,
    "errorCount" : 50,
    "errorPct" : 100.0,
    "meanResTime" : 153.33999999999995,
    "medianResTime" : 145.0,
    "minResTime" : 62.0,
    "maxResTime" : 492.0,
    "pct1ResTime" : 202.0,
    "pct2ResTime" : 333.89999999999924,
    "pct3ResTime" : 492.0,
    "throughput" : 7.803964413922272,
    "receivedKBytesPerSec" : 2.408254643358826,
    "sentKBytesPerSec" : 3.216086897143749
  },
  "9. Get User Bookings" : {
    "transaction" : "9. Get User Bookings",
    "sampleCount" : 1000,
    "errorCount" : 0,
    "errorPct" : 0.0,
    "meanResTime" : 215.77000000000032,
    "medianResTime" : 200.0,
    "minResTime" : 25.0,
    "maxResTime" : 507.0,
    "pct1ResTime" : 370.4999999999999,
    "pct2ResTime" : 403.0,
    "pct3ResTime" : 463.8900000000001,
    "throughput" : 19.748405316270713,
    "receivedKBytesPerSec" : 926.4002390791319,
    "sentKBytesPerSec" : 3.0085461224006163
  },
  "13. Process Payment (Saga Pattern)" : {
    "transaction" : "13. Process Payment (Saga Pattern)",
    "sampleCount" : 50,
    "errorCount" : 50,
    "errorPct" : 100.0,
    "meanResTime" : 45.120000000000005,
    "medianResTime" : 46.0,
    "minResTime" : 14.0,
    "maxResTime" : 103.0,
    "pct1ResTime" : 68.6,
    "pct2ResTime" : 97.89999999999999,
    "pct3ResTime" : 103.0,
    "throughput" : 8.058017727639,
    "receivedKBytesPerSec" : 2.8722426470588234,
    "sentKBytesPerSec" : 2.282055801772764
  },
  "4. Hotel Details" : {
    "transaction" : "4. Hotel Details",
    "sampleCount" : 1000,
    "errorCount" : 0,
    "errorPct" : 0.0,
    "meanResTime" : 305.5400000000002,
    "medianResTime" : 302.0,
    "minResTime" : 35.0,
    "maxResTime" : 714.0,
    "pct1ResTime" : 444.9,
    "pct2ResTime" : 497.0,
    "pct3ResTime" : 634.99,
    "throughput" : 19.649067651739927,
    "receivedKBytesPerSec" : 15.350834102921816,
    "sentKBytesPerSec" : 2.6672074253826654
  },
  "6. Car Details" : {
    "transaction" : "6. Car Details",
    "sampleCount" : 1000,
    "errorCount" : 0,
    "errorPct" : 0.0,
    "meanResTime" : 318.5540000000001,
    "medianResTime" : 314.0,
    "minResTime" : 40.0,
    "maxResTime" : 726.0,
    "pct1ResTime" : 478.5999999999999,
    "pct2ResTime" : 537.0,
    "pct3ResTime" : 652.99,
    "throughput" : 19.678454060648995,
    "receivedKBytesPerSec" : 13.298330283172954,
    "sentKBytesPerSec" : 2.5943274396363423
  },
  "10. Create Booking" : {
    "transaction" : "10. Create Booking",
    "sampleCount" : 1000,
    "errorCount" : 1000,
    "errorPct" : 100.0,
    "meanResTime" : 515.7539999999989,
    "medianResTime" : 485.0,
    "minResTime" : 46.0,
    "maxResTime" : 1271.0,
    "pct1ResTime" : 831.9,
    "pct2ResTime" : 948.7999999999997,
    "pct3ResTime" : 1174.6500000000003,
    "throughput" : 19.782393669634025,
    "receivedKBytesPerSec" : 6.33654797230465,
    "sentKBytesPerSec" : 6.8581540553907026
  },
  "5. Car Search" : {
    "transaction" : "5. Car Search",
    "sampleCount" : 1000,
    "errorCount" : 0,
    "errorPct" : 0.0,
    "meanResTime" : 521.5910000000005,
    "medianResTime" : 524.0,
    "minResTime" : 104.0,
    "maxResTime" : 1117.0,
    "pct1ResTime" : 789.0,
    "pct2ResTime" : 858.8999999999999,
    "pct3ResTime" : 993.8700000000001,
    "throughput" : 19.641734758013826,
    "receivedKBytesPerSec" : 160.70161504164048,
    "sentKBytesPerSec" : 3.970545991121936
  },
  "Cache Test - Flight Search" : {
    "transaction" : "Cache Test - Flight Search",
    "sampleCount" : 20,
    "errorCount" : 20,
    "errorPct" : 100.0,
    "meanResTime" : 62.750000000000014,
    "medianResTime" : 59.0,
    "minResTime" : 24.0,
    "maxResTime" : 181.0,
    "pct1ResTime" : 94.9,
    "pct2ResTime" : 176.69999999999993,
    "pct3ResTime" : 181.0,
    "throughput" : 15.56420233463035,
    "receivedKBytesPerSec" : 5.152602140077821,
    "sentKBytesPerSec" : 3.10068093385214
  },
  "12. Create Booking (Kafka Event)" : {
    "transaction" : "12. Create Booking (Kafka Event)",
    "sampleCount" : 50,
    "errorCount" : 50,
    "errorPct" : 100.0,
    "meanResTime" : 220.23999999999998,
    "medianResTime" : 219.5,
    "minResTime" : 94.0,
    "maxResTime" : 438.0,
    "pct1ResTime" : 341.0,
    "pct2ResTime" : 383.34999999999997,
    "pct3ResTime" : 438.0,
    "throughput" : 7.844367743959836,
    "receivedKBytesPerSec" : 2.5126490429871353,
    "sentKBytesPerSec" : 2.7194829581110764
  },
  "7. Get User" : {
    "transaction" : "7. Get User",
    "sampleCount" : 1000,
    "errorCount" : 0,
    "errorPct" : 0.0,
    "meanResTime" : 208.75899999999982,
    "medianResTime" : 200.5,
    "minResTime" : 20.0,
    "maxResTime" : 494.0,
    "pct1ResTime" : 340.0,
    "pct2ResTime" : 385.0,
    "pct3ResTime" : 474.97,
    "throughput" : 19.712590431508605,
    "receivedKBytesPerSec" : 11.608097685741884,
    "sentKBytesPerSec" : 2.6565795698712766
  },
  "Total" : {
    "transaction" : "Total",
    "sampleCount" : 11170,
    "errorCount" : 4170,
    "errorPct" : 37.332138,
    "meanResTime" : 329.04359892569454,
    "medianResTime" : 296.0,
    "minResTime" : 8.0,
    "maxResTime" : 1344.0,
    "pct1ResTime" : 588.8999999999996,
    "pct2ResTime" : 713.0,
    "pct3ResTime" : 917.8699999999972,
    "throughput" : 216.3638476736528,
    "receivedKBytesPerSec" : 1355.2666125716694,
    "sentKBytesPerSec" : 39.391450952523925
  },
  "1. Flight Search" : {
    "transaction" : "1. Flight Search",
    "sampleCount" : 1000,
    "errorCount" : 1000,
    "errorPct" : 100.0,
    "meanResTime" : 251.5800000000001,
    "medianResTime" : 258.5,
    "minResTime" : 36.0,
    "maxResTime" : 548.0,
    "pct1ResTime" : 361.0,
    "pct2ResTime" : 393.94999999999993,
    "pct3ResTime" : 450.99,
    "throughput" : 19.627470607862765,
    "receivedKBytesPerSec" : 6.497766148501443,
    "sentKBytesPerSec" : 3.91016016016016
  },
  "11. Top Properties Analytics" : {
    "transaction" : "11. Top Properties Analytics",
    "sampleCount" : 1000,
    "errorCount" : 1000,
    "errorPct" : 100.0,
    "meanResTime" : 195.26699999999988,
    "medianResTime" : 191.0,
    "minResTime" : 8.0,
    "maxResTime" : 480.0,
    "pct1ResTime" : 322.79999999999995,
    "pct2ResTime" : 357.0,
    "pct3ResTime" : 452.7700000000002,
    "throughput" : 19.86452394668362,
    "receivedKBytesPerSec" : 6.80903115750581,
    "sentKBytesPerSec" : 4.112577223336842
  },
  "2. Flight Details" : {
    "transaction" : "2. Flight Details",
    "sampleCount" : 1000,
    "errorCount" : 0,
    "errorPct" : 0.0,
    "meanResTime" : 303.85699999999986,
    "medianResTime" : 300.0,
    "minResTime" : 29.0,
    "maxResTime" : 715.0,
    "pct1ResTime" : 450.9,
    "pct2ResTime" : 513.9499999999999,
    "pct3ResTime" : 648.96,
    "throughput" : 19.66916465057729,
    "receivedKBytesPerSec" : 15.193661365826793,
    "sentKBytesPerSec" : 2.5931027615507167
  }
}