{
  "8. Get Booking" : {
    "transaction" : "8. Get Booking",
    "sampleCount" : 1000,
    "errorCount" : 1000,
    "errorPct" : 100.0,
    "meanResTime" : 383.15600000000023,
    "medianResTime" : 268.0,
    "minResTime" : 21.0,
    "maxResTime" : 1483.0,
    "pct1ResTime" : 926.9,
    "pct2ResTime" : 1052.0,
    "pct3ResTime" : 1317.97,
    "throughput" : 18.123165029540758,
    "receivedKBytesPerSec" : 5.150235374605821,
    "sentKBytesPerSec" : 2.4423796621842038
  },
  "3. Hotel Search" : {
    "transaction" : "3. Hotel Search",
    "sampleCount" : 1000,
    "errorCount" : 0,
    "errorPct" : 0.0,
    "meanResTime" : 632.7090000000005,
    "medianResTime" : 601.0,
    "minResTime" : 127.0,
    "maxResTime" : 1440.0,
    "pct1ResTime" : 978.8,
    "pct2ResTime" : 1053.85,
    "pct3ResTime" : 1361.91,
    "throughput" : 17.547553870990384,
    "receivedKBytesPerSec" : 178.55934993989962,
    "sentKBytesPerSec" : 3.5300743138906436
  },
  "14. Create User (Kafka Event)" : {
    "transaction" : "14. Create User (Kafka Event)",
    "sampleCount" : 50,
    "errorCount" : 50,
    "errorPct" : 100.0,
    "meanResTime" : 133.11999999999995,
    "medianResTime" : 121.0,
    "minResTime" : 66.0,
    "maxResTime" : 521.0,
    "pct1ResTime" : 174.9,
    "pct2ResTime" : 296.79999999999893,
    "pct3ResTime" : 521.0,
    "throughput" : 8.180628272251308,
    "receivedKBytesPerSec" : 2.5244907558900525,
    "sentKBytesPerSec" : 3.3713136043848166
  },
  "9. Get User Bookings" : {
    "transaction" : "9. Get User Bookings",
    "sampleCount" : 1000,
    "errorCount" : 0,
    "errorPct" : 0.0,
    "meanResTime" : 220.70900000000012,
    "medianResTime" : 184.0,
    "minResTime" : 18.0,
    "maxResTime" : 805.0,
    "pct1ResTime" : 417.0,
    "pct2ResTime" : 506.6499999999995,
    "pct3ResTime" : 754.9300000000001,
    "throughput" : 18.131708732230926,
    "receivedKBytesPerSec" : 850.5610418139868,
    "sentKBytesPerSec" : 2.762252502175805
  },
  "13. Process Payment (Saga Pattern)" : {
    "transaction" : "13. Process Payment (Saga Pattern)",
    "sampleCount" : 50,
    "errorCount" : 50,
    "errorPct" : 100.0,
    "meanResTime" : 29.820000000000004,
    "medianResTime" : 28.0,
    "minResTime" : 8.0,
    "maxResTime" : 69.0,
    "pct1ResTime" : 51.29999999999999,
    "pct2ResTime" : 63.04999999999996,
    "pct3ResTime" : 69.0,
    "throughput" : 8.34306691139663,
    "receivedKBytesPerSec" : 2.973847092441181,
    "sentKBytesPerSec" : 2.3627826213916236
  },
  "4. Hotel Details" : {
    "transaction" : "4. Hotel Details",
    "sampleCount" : 1000,
    "errorCount" : 0,
    "errorPct" : 0.0,
    "meanResTime" : 385.8899999999999,
    "medianResTime" : 368.5,
    "minResTime" : 23.0,
    "maxResTime" : 1129.0,
    "pct1ResTime" : 607.0,
    "pct2ResTime" : 709.8999999999999,
    "pct3ResTime" : 854.95,
    "throughput" : 17.699115044247787,
    "receivedKBytesPerSec" : 13.394842367256636,
    "sentKBytesPerSec" : 2.402516592920354
  },
  "6. Car Details" : {
    "transaction" : "6. Car Details",
    "sampleCount" : 1000,
    "errorCount" : 0,
    "errorPct" : 0.0,
    "meanResTime" : 389.7249999999997,
    "medianResTime" : 371.0,
    "minResTime" : 15.0,
    "maxResTime" : 1234.0,
    "pct1ResTime" : 616.8,
    "pct2ResTime" : 722.9499999999999,
    "pct3ResTime" : 928.8900000000001,
    "throughput" : 17.973327581868507,
    "receivedKBytesPerSec" : 11.740619888834969,
    "sentKBytesPerSec" : 2.369530491750243
  },
  "10. Create Booking" : {
    "transaction" : "10. Create Booking",
    "sampleCount" : 1000,
    "errorCount" : 1000,
    "errorPct" : 100.0,
    "meanResTime" : 677.2899999999997,
    "medianResTime" : 585.5,
    "minResTime" : 53.0,
    "maxResTime" : 2336.0,
    "pct1ResTime" : 1288.0,
    "pct2ResTime" : 1417.85,
    "pct3ResTime" : 1807.98,
    "throughput" : 18.17124582061346,
    "receivedKBytesPerSec" : 5.82047717691525,
    "sentKBytesPerSec" : 6.299601822575956
  },
  "5. Car Search" : {
    "transaction" : "5. Car Search",
    "sampleCount" : 1000,
    "errorCount" : 0,
    "errorPct" : 0.0,
    "meanResTime" : 620.1130000000002,
    "medianResTime" : 586.0,
    "minResTime" : 91.0,
    "maxResTime" : 1445.0,
    "pct1ResTime" : 987.8,
    "pct2ResTime" : 1091.7999999999997,
    "pct3ResTime" : 1337.4400000000005,
    "throughput" : 17.813563247056308,
    "receivedKBytesPerSec" : 137.6540316547019,
    "sentKBytesPerSec" : 3.600983976699859
  },
  "Cache Test - Flight Search" : {
    "transaction" : "Cache Test - Flight Search",
    "sampleCount" : 20,
    "errorCount" : 20,
    "errorPct" : 100.0,
    "meanResTime" : 40.4,
    "medianResTime" : 20.0,
    "minResTime" : 11.0,
    "maxResTime" : 298.0,
    "pct1ResTime" : 84.10000000000007,
    "pct2ResTime" : 287.4499999999998,
    "pct3ResTime" : 298.0,
    "throughput" : 23.696682464454973,
    "receivedKBytesPerSec" : 7.8448978080568725,
    "sentKBytesPerSec" : 4.72082345971564
  },
  "12. Create Booking (Kafka Event)" : {
    "transaction" : "12. Create Booking (Kafka Event)",
    "sampleCount" : 50,
    "errorCount" : 50,
    "errorPct" : 100.0,
    "meanResTime" : 433.62000000000006,
    "medianResTime" : 344.0,
    "minResTime" : 105.0,
    "maxResTime" : 1634.0,
    "pct1ResTime" : 779.3,
    "pct2ResTime" : 1109.6999999999978,
    "pct3ResTime" : 1634.0,
    "throughput" : 7.2854436835203265,
    "receivedKBytesPerSec" : 2.3336186798776044,
    "sentKBytesPerSec" : 2.5257153395016756
  },
  "7. Get User" : {
    "transaction" : "7. Get User",
    "sampleCount" : 1000,
    "errorCount" : 0,
    "errorPct" : 0.0,
    "meanResTime" : 204.11900000000006,
    "medianResTime" : 184.0,
    "minResTime" : 20.0,
    "maxResTime" : 766.0,
    "pct1ResTime" : 375.79999999999995,
    "pct2ResTime" : 485.89999999999986,
    "pct3ResTime" : 658.9000000000001,
    "throughput" : 18.121522932787272,
    "receivedKBytesPerSec" : 10.671170242647191,
    "sentKBytesPerSec" : 2.4421583639889097
  },
  "Total" : {
    "transaction" : "Total",
    "sampleCount" : 11170,
    "errorCount" : 4170,
    "errorPct" : 37.332138,
    "meanResTime" : 395.07350044762717,
    "medianResTime" : 333.0,
    "minResTime" : 8.0,
    "maxResTime" : 2336.0,
    "pct1ResTime" : 767.0,
    "pct2ResTime" : 954.0,
    "pct3ResTime" : 1343.289999999999,
    "throughput" : 192.51318465409673,
    "receivedKBytesPerSec" : 1187.3845736854125,
    "sentKBytesPerSec" : 35.04917181198511
  },
  "1. Flight Search" : {
    "transaction" : "1. Flight Search",
    "sampleCount" : 1000,
    "errorCount" : 1000,
    "errorPct" : 100.0,
    "meanResTime" : 295.154,
    "medianResTime" : 284.0,
    "minResTime" : 14.0,
    "maxResTime" : 993.0,
    "pct1ResTime" : 466.69999999999993,
    "pct2ResTime" : 566.8499999999998,
    "pct3ResTime" : 662.8600000000001,
    "throughput" : 17.365633411478683,
    "receivedKBytesPerSec" : 5.748974342276634,
    "sentKBytesPerSec" : 3.4595597811930188
  },
  "11. Top Properties Analytics" : {
    "transaction" : "11. Top Properties Analytics",
    "sampleCount" : 1000,
    "errorCount" : 1000,
    "errorPct" : 100.0,
    "meanResTime" : 191.55000000000013,
    "medianResTime" : 173.0,
    "minResTime" : 12.0,
    "maxResTime" : 752.0,
    "pct1ResTime" : 347.9,
    "pct2ResTime" : 454.0,
    "pct3ResTime" : 629.99,
    "throughput" : 18.363786612799558,
    "receivedKBytesPerSec" : 6.294618262785787,
    "sentKBytesPerSec" : 3.8018776971811588
  },
  "2. Flight Details" : {
    "transaction" : "2. Flight Details",
    "sampleCount" : 1000,
    "errorCount" : 0,
    "errorPct" : 0.0,
    "meanResTime" : 381.91999999999985,
    "medianResTime" : 363.0,
    "minResTime" : 28.0,
    "maxResTime" : 1447.0,
    "pct1ResTime" : 586.9,
    "pct2ResTime" : 682.8499999999998,
    "pct3ResTime" : 865.96,
    "throughput" : 17.448961786773687,
    "receivedKBytesPerSec" : 13.050971416419472,
    "sentKBytesPerSec" : 2.300400235560984
  }
}