{
  "3. Hotel Search" : {
    "transaction" : "3. Hotel Search",
    "sampleCount" : 1000,
    "errorCount" : 0,
    "errorPct" : 0.0,
    "meanResTime" : 442.7799999999999,
    "medianResTime" : 437.5,
    "minResTime" : 93.0,
    "maxResTime" : 1395.0,
    "pct1ResTime" : 661.9,
    "pct2ResTime" : 750.9499999999999,
    "pct3ResTime" : 1041.94,
    "throughput" : 25.580681469354346,
    "receivedKBytesPerSec" : 273.84319362017806,
    "sentKBytesPerSec" : 5.146113654967769
  },
  "14. Create User (Kafka Event)" : {
    "transaction" : "14. Create User (Kafka Event)",
    "sampleCount" : 50,
    "errorCount" : 50,
    "errorPct" : 100.0,
    "meanResTime" : 83.53999999999999,
    "medianResTime" : 75.0,
    "minResTime" : 47.0,
    "maxResTime" : 462.0,
    "pct1ResTime" : 95.8,
    "pct2ResTime" : 115.79999999999998,
    "pct3ResTime" : 462.0,
    "throughput" : 10.53518752633797,
    "receivedKBytesPerSec" : 3.2510930257058575,
    "sentKBytesPerSec" : 4.341649546986936
  },
  "9. Get User Bookings" : {
    "transaction" : "9. Get User Bookings",
    "sampleCount" : 1000,
    "errorCount" : 0,
    "errorPct" : 0.0,
    "meanResTime" : 146.39699999999985,
    "medianResTime" : 134.0,
    "minResTime" : 23.0,
    "maxResTime" : 423.0,
    "pct1ResTime" : 242.89999999999998,
    "pct2ResTime" : 281.89999999999986,
    "pct3ResTime" : 329.97,
    "throughput" : 25.799793601651185,
    "receivedKBytesPerSec" : 1168.7687955527606,
    "sentKBytesPerSec" : 3.930437306501548
  },
  "13. Process Payment (Saga Pattern)" : {
    "transaction" : "13. Process Payment (Saga Pattern)",
    "sampleCount" : 50,
    "errorCount" : 50,
    "errorPct" : 100.0,
    "meanResTime" : 15.740000000000006,
    "medianResTime" : 12.0,
    "minResTime" : 6.0,
    "maxResTime" : 33.0,
    "pct1ResTime" : 24.9,
    "pct2ResTime" : 28.799999999999983,
    "pct3ResTime" : 33.0,
    "throughput" : 10.584250635055039,
    "receivedKBytesPerSec" : 3.7727065251905163,
    "sentKBytesPerSec" : 2.997492855630821
  },
  "4. Hotel Details" : {
    "transaction" : "4. Hotel Details",
    "sampleCount" : 1000,
    "errorCount" : 0,
    "errorPct" : 0.0,
    "meanResTime" : 263.1539999999994,
    "medianResTime" : 251.0,
    "minResTime" : 27.0,
    "maxResTime" : 914.0,
    "pct1ResTime" : 433.9,
    "pct2ResTime" : 485.89999999999986,
    "pct3ResTime" : 625.0,
    "throughput" : 25.63116749967961,
    "receivedKBytesPerSec" : 20.199562668204535,
    "sentKBytesPerSec" : 3.479230744585416
  },
  "6. Car Details" : {
    "transaction" : "6. Car Details",
    "sampleCount" : 1000,
    "errorCount" : 0,
    "errorPct" : 0.0,
    "meanResTime" : 363.66100000000023,
    "medianResTime" : 374.0,
    "minResTime" : 12.0,
    "maxResTime" : 934.0,
    "pct1ResTime" : 564.8,
    "pct2ResTime" : 615.8499999999998,
    "pct3ResTime" : 795.97,
    "throughput" : 25.7062800442148,
    "receivedKBytesPerSec" : 17.145887959178427,
    "sentKBytesPerSec" : 3.3890115292665994
  },
  "10. Create Booking" : {
    "transaction" : "10. Create Booking",
    "sampleCount" : 1000,
    "errorCount" : 0,
    "errorPct" : 0.0,
    "meanResTime" : 144.93799999999987,
    "medianResTime" : 135.0,
    "minResTime" : 24.0,
    "maxResTime" : 490.0,
    "pct1ResTime" : 235.79999999999995,
    "pct2ResTime" : 272.0,
    "pct3ResTime" : 365.8900000000001,
    "throughput" : 25.827113303546064,
    "receivedKBytesPerSec" : 14.552973023580154,
    "sentKBytesPerSec" : 8.928513778764946
  },
  "5. Car Search" : {
    "transaction" : "5. Car Search",
    "sampleCount" : 1000,
    "errorCount" : 0,
    "errorPct" : 0.0,
    "meanResTime" : 325.65900000000016,
    "medianResTime" : 304.0,
    "minResTime" : 84.0,
    "maxResTime" : 1404.0,
    "pct1ResTime" : 497.9,
    "pct2ResTime" : 542.8999999999999,
    "pct3ResTime" : 799.94,
    "throughput" : 25.652865425067983,
    "receivedKBytesPerSec" : 209.43159663434406,
    "sentKBytesPerSec" : 5.185686663075265
  },
  "Cache Test - Flight Search" : {
    "transaction" : "Cache Test - Flight Search",
    "sampleCount" : 20,
    "errorCount" : 0,
    "errorPct" : 0.0,
    "meanResTime" : 52.9,
    "medianResTime" : 40.0,
    "minResTime" : 20.0,
    "maxResTime" : 169.0,
    "pct1ResTime" : 128.20000000000005,
    "pct2ResTime" : 167.04999999999995,
    "pct3ResTime" : 169.0,
    "throughput" : 18.48428835489834,
    "receivedKBytesPerSec" : 6.787199630314232,
    "sentKBytesPerSec" : 3.8809785120147873
  },
  "12. Create Booking (Kafka Event)" : {
    "transaction" : "12. Create Booking (Kafka Event)",
    "sampleCount" : 50,
    "errorCount" : 0,
    "errorPct" : 0.0,
    "meanResTime" : 84.3,
    "medianResTime" : 74.0,
    "minResTime" : 35.0,
    "maxResTime" : 240.0,
    "pct1ResTime" : 165.49999999999994,
    "pct2ResTime" : 206.64999999999975,
    "pct3ResTime" : 240.0,
    "throughput" : 10.222858311183808,
    "receivedKBytesPerSec" : 5.760341060110407,
    "sentKBytesPerSec" : 3.5340740646084647
  },
  "7. Get User" : {
    "transaction" : "7. Get User",
    "sampleCount" : 1000,
    "errorCount" : 0,
    "errorPct" : 0.0,
    "meanResTime" : 106.39900000000011,
    "medianResTime" : 95.0,
    "minResTime" : 11.0,
    "maxResTime" : 446.0,
    "pct1ResTime" : 183.89999999999998,
    "pct2ResTime" : 198.0,
    "pct3ResTime" : 380.0,
    "throughput" : 25.787152840454887,
    "receivedKBytesPerSec" : 15.185208166791304,
    "sentKBytesPerSec" : 3.4752217695144276
  },
  "Total" : {
    "transaction" : "Total",
    "sampleCount" : 10170,
    "errorCount" : 100,
    "errorPct" : 0.9832842,
    "meanResTime" : 226.71199606686383,
    "medianResTime" : 182.0,
    "minResTime" : 6.0,
    "maxResTime" : 1404.0,
    "pct1ResTime" : 461.0,
    "pct2ResTime" : 537.0,
    "pct3ResTime" : 705.289999999999,
    "throughput" : 257.4748727815894,
    "receivedKBytesPerSec" : 1730.7383869686573,
    "sentKBytesPerSec" : 48.32499715182662
  },
  "1. Flight Search" : {
    "transaction" : "1. Flight Search",
    "sampleCount" : 1000,
    "errorCount" : 0,
    "errorPct" : 0.0,
    "meanResTime" : 230.50200000000007,
    "medianResTime" : 203.0,
    "minResTime" : 15.0,
    "maxResTime" : 610.0,
    "pct1ResTime" : 393.79999999999995,
    "pct2ResTime" : 435.94999999999993,
    "pct3ResTime" : 516.9300000000001,
    "throughput" : 25.541479362484676,
    "receivedKBytesPerSec" : 9.37851195341234,
    "sentKBytesPerSec" : 5.362712952084185
  },
  "11. Top Properties Analytics" : {
    "transaction" : "11. Top Properties Analytics",
    "sampleCount" : 1000,
    "errorCount" : 0,
    "errorPct" : 0.0,
    "meanResTime" : 67.39500000000007,
    "medianResTime" : 64.0,
    "minResTime" : 10.0,
    "maxResTime" : 241.0,
    "pct1ResTime" : 106.0,
    "pct2ResTime" : 126.89999999999986,
    "pct3ResTime" : 175.99,
    "throughput" : 25.888627126103504,
    "receivedKBytesPerSec" : 10.163308695989851,
    "sentKBytesPerSec" : 5.359754834701115
  },
  "2. Flight Details" : {
    "transaction" : "2. Flight Details",
    "sampleCount" : 1000,
    "errorCount" : 0,
    "errorPct" : 0.0,
    "meanResTime" : 204.53900000000016,
    "medianResTime" : 178.0,
    "minResTime" : 25.0,
    "maxResTime" : 713.0,
    "pct1ResTime" : 342.9,
    "pct2ResTime" : 376.94999999999993,
    "pct3ResTime" : 557.9200000000001,
    "throughput" : 25.621316935690494,
    "receivedKBytesPerSec" : 19.36611260568793,
    "sentKBytesPerSec" : 3.3778103382013835
  }
}