{
  "3. Hotel Search" : {
    "transaction" : "3. Hotel Search",
    "sampleCount" : 1000,
    "errorCount" : 0,
    "errorPct" : 0.0,
    "meanResTime" : 535.9410000000003,
    "medianResTime" : 542.5,
    "minResTime" : 103.0,
    "maxResTime" : 1011.0,
    "pct1ResTime" : 798.8,
    "pct2ResTime" : 880.8999999999999,
    "pct3ResTime" : 983.99,
    "throughput" : 20.56005592335211,
    "receivedKBytesPerSec" : 220.45841214688105,
    "sentKBytesPerSec" : 4.136105000205601
  },
  "14. Create User (Kafka Event)" : {
    "transaction" : "14. Create User (Kafka Event)",
    "sampleCount" : 50,
    "errorCount" : 50,
    "errorPct" : 100.0,
    "meanResTime" : 91.82000000000002,
    "medianResTime" : 83.5,
    "minResTime" : 57.0,
    "maxResTime" : 364.0,
    "pct1ResTime" : 119.8,
    "pct2ResTime" : 147.35,
    "pct3ResTime" : 364.0,
    "throughput" : 10.060362173038229,
    "receivedKBytesPerSec" : 3.1045648893360163,
    "sentKBytesPerSec" : 4.145969567404427
  },
  "9. Get User Bookings" : {
    "transaction" : "9. Get User Bookings",
    "sampleCount" : 1000,
    "errorCount" : 0,
    "errorPct" : 0.0,
    "meanResTime" : 261.4659999999996,
    "medianResTime" : 242.0,
    "minResTime" : 16.0,
    "maxResTime" : 845.0,
    "pct1ResTime" : 437.0,
    "pct2ResTime" : 494.8499999999998,
    "pct3ResTime" : 616.97,
    "throughput" : 20.589264757355515,
    "receivedKBytesPerSec" : 932.6971116478618,
    "sentKBytesPerSec" : 3.136645802878379
  },
  "13. Process Payment (Saga Pattern)" : {
    "transaction" : "13. Process Payment (Saga Pattern)",
    "sampleCount" : 50,
    "errorCount" : 50,
    "errorPct" : 100.0,
    "meanResTime" : 22.459999999999994,
    "medianResTime" : 20.5,
    "minResTime" : 9.0,
    "maxResTime" : 49.0,
    "pct1ResTime" : 36.0,
    "pct2ResTime" : 41.94999999999995,
    "pct3ResTime" : 49.0,
    "throughput" : 10.158472165786264,
    "receivedKBytesPerSec" : 3.6209397856562373,
    "sentKBytesPerSec" : 2.876911062576189
  },
  "4. Hotel Details" : {
    "transaction" : "4. Hotel Details",
    "sampleCount" : 1000,
    "errorCount" : 0,
    "errorPct" : 0.0,
    "meanResTime" : 337.1389999999998,
    "medianResTime" : 342.0,
    "minResTime" : 40.0,
    "maxResTime" : 803.0,
    "pct1ResTime" : 532.9,
    "pct2ResTime" : 570.0,
    "pct3ResTime" : 680.0,
    "throughput" : 20.621107765909183,
    "receivedKBytesPerSec" : 16.25120504598507,
    "sentKBytesPerSec" : 2.7991542768177506
  },
  "6. Car Details" : {
    "transaction" : "6. Car Details",
    "sampleCount" : 1000,
    "errorCount" : 0,
    "errorPct" : 0.0,
    "meanResTime" : 340.0329999999998,
    "medianResTime" : 345.0,
    "minResTime" : 36.0,
    "maxResTime" : 888.0,
    "pct1ResTime" : 529.0,
    "pct2ResTime" : 593.9499999999999,
    "pct3ResTime" : 717.97,
    "throughput" : 20.615581256313522,
    "receivedKBytesPerSec" : 13.750431638732554,
    "sentKBytesPerSec" : 2.717874482033521
  },
  "10. Create Booking" : {
    "transaction" : "10. Create Booking",
    "sampleCount" : 1000,
    "errorCount" : 0,
    "errorPct" : 0.0,
    "meanResTime" : 266.3769999999997,
    "medianResTime" : 245.5,
    "minResTime" : 32.0,
    "maxResTime" : 804.0,
    "pct1ResTime" : 446.9,
    "pct2ResTime" : 483.0,
    "pct3ResTime" : 705.0,
    "throughput" : 20.600292524153843,
    "receivedKBytesPerSec" : 11.607782018004656,
    "sentKBytesPerSec" : 7.121585501514121
  },
  "5. Car Search" : {
    "transaction" : "5. Car Search",
    "sampleCount" : 1000,
    "errorCount" : 0,
    "errorPct" : 0.0,
    "meanResTime" : 510.2019999999998,
    "medianResTime" : 497.0,
    "minResTime" : 101.0,
    "maxResTime" : 1085.0,
    "pct1ResTime" : 779.9,
    "pct2ResTime" : 837.9499999999999,
    "pct3ResTime" : 990.96,
    "throughput" : 20.588416956620204,
    "receivedKBytesPerSec" : 168.44702857672274,
    "sentKBytesPerSec" : 4.16191631837928
  },
  "Cache Test - Flight Search" : {
    "transaction" : "Cache Test - Flight Search",
    "sampleCount" : 20,
    "errorCount" : 0,
    "errorPct" : 0.0,
    "meanResTime" : 51.9,
    "medianResTime" : 36.0,
    "minResTime" : 20.0,
    "maxResTime" : 279.0,
    "pct1ResTime" : 95.10000000000011,
    "pct2ResTime" : 270.04999999999984,
    "pct3ResTime" : 279.0,
    "throughput" : 18.674136321195146,
    "receivedKBytesPerSec" : 6.856909430438843,
    "sentKBytesPerSec" : 3.920839169000934
  },
  "12. Create Booking (Kafka Event)" : {
    "transaction" : "12. Create Booking (Kafka Event)",
    "sampleCount" : 50,
    "errorCount" : 0,
    "errorPct" : 0.0,
    "meanResTime" : 105.91999999999999,
    "medianResTime" : 94.5,
    "minResTime" : 46.0,
    "maxResTime" : 270.0,
    "pct1ResTime" : 189.39999999999998,
    "pct2ResTime" : 228.3499999999999,
    "pct3ResTime" : 270.0,
    "throughput" : 9.686168151879118,
    "receivedKBytesPerSec" : 5.457928734017822,
    "sentKBytesPerSec" : 3.348538599380085
  },
  "7. Get User" : {
    "transaction" : "7. Get User",
    "sampleCount" : 1000,
    "errorCount" : 0,
    "errorPct" : 0.0,
    "meanResTime" : 175.93200000000007,
    "medianResTime" : 167.0,
    "minResTime" : 21.0,
    "maxResTime" : 579.0,
    "pct1ResTime" : 304.0,
    "pct2ResTime" : 329.0,
    "pct3ResTime" : 454.99,
    "throughput" : 20.62833921241001,
    "receivedKBytesPerSec" : 12.147352094807848,
    "sentKBytesPerSec" : 2.779991026672443
  },
  "Total" : {
    "transaction" : "Total",
    "sampleCount" : 10170,
    "errorCount" : 100,
    "errorPct" : 0.9832842,
    "meanResTime" : 314.8799410029497,
    "medianResTime" : 288.0,
    "minResTime" : 9.0,
    "maxResTime" : 1085.0,
    "pct1ResTime" : 582.0,
    "pct2ResTime" : 688.0,
    "pct3ResTime" : 860.0,
    "throughput" : 205.6747628774243,
    "receivedKBytesPerSec" : 1383.2240438626204,
    "sentKBytesPerSec" : 38.60272741521224
  },
  "1. Flight Search" : {
    "transaction" : "1. Flight Search",
    "sampleCount" : 1000,
    "errorCount" : 0,
    "errorPct" : 0.0,
    "meanResTime" : 252.73099999999977,
    "medianResTime" : 261.0,
    "minResTime" : 19.0,
    "maxResTime" : 558.0,
    "pct1ResTime" : 372.9,
    "pct2ResTime" : 414.6999999999996,
    "pct3ResTime" : 531.95,
    "throughput" : 20.545271505762948,
    "receivedKBytesPerSec" : 7.543966881022333,
    "sentKBytesPerSec" : 4.313704466542025
  },
  "11. Top Properties Analytics" : {
    "transaction" : "11. Top Properties Analytics",
    "sampleCount" : 1000,
    "errorCount" : 0,
    "errorPct" : 0.0,
    "meanResTime" : 170.26099999999983,
    "medianResTime" : 150.5,
    "minResTime" : 13.0,
    "maxResTime" : 617.0,
    "pct1ResTime" : 319.9,
    "pct2ResTime" : 343.94999999999993,
    "pct3ResTime" : 473.98,
    "throughput" : 20.624935547076415,
    "receivedKBytesPerSec" : 8.096898525317108,
    "sentKBytesPerSec" : 4.270006187480664
  },
  "2. Flight Details" : {
    "transaction" : "2. Flight Details",
    "sampleCount" : 1000,
    "errorCount" : 0,
    "errorPct" : 0.0,
    "meanResTime" : 340.19899999999984,
    "medianResTime" : 348.5,
    "minResTime" : 32.0,
    "maxResTime" : 836.0,
    "pct1ResTime" : 545.0,
    "pct2ResTime" : 584.0,
    "pct3ResTime" : 707.99,
    "throughput" : 20.602839071224015,
    "receivedKBytesPerSec" : 15.572849063600964,
    "sentKBytesPerSec" : 2.7161946041164473
  }
}