{
  "Cache Test - Flight Search" : {
    "transaction" : "Cache Test - Flight Search",
    "sampleCount" : 20,
    "errorCount" : 0,
    "errorPct" : 0.0,
    "meanResTime" : 28.350000000000005,
    "medianResTime" : 24.0,
    "minResTime" : 20.0,
    "maxResTime" : 104.0,
    "pct1ResTime" : 32.7,
    "pct2ResTime" : 100.44999999999995,
    "pct3ResTime" : 104.0,
    "throughput" : 33.72681281618887,
    "receivedKBytesPerSec" : 12.384064080944352,
    "sentKBytesPerSec" : 6.982504215851602
  },
  "3. Hotel Search" : {
    "transaction" : "3. Hotel Search",
    "sampleCount" : 1000,
    "errorCount" : 298,
    "errorPct" : 29.8,
    "meanResTime" : 281.7140000000001,
    "medianResTime" : 275.5,
    "minResTime" : 8.0,
    "maxResTime" : 662.0,
    "pct1ResTime" : 511.0,
    "pct2ResTime" : 546.0,
    "pct3ResTime" : 644.0,
    "throughput" : 31.15750116840629,
    "receivedKBytesPerSec" : 255.622590162019,
    "sentKBytesPerSec" : 4.3147053668795765
  },
  "7. Get User" : {
    "transaction" : "7. Get User",
    "sampleCount" : 1000,
    "errorCount" : 341,
    "errorPct" : 34.1,
    "meanResTime" : 119.55300000000017,
    "medianResTime" : 108.0,
    "minResTime" : 5.0,
    "maxResTime" : 331.0,
    "pct1ResTime" : 217.0,
    "pct2ResTime" : 243.94999999999993,
    "pct3ResTime" : 300.99,
    "throughput" : 31.363693388533434,
    "receivedKBytesPerSec" : 36.46467345494605,
    "sentKBytesPerSec" : 2.785426761855476
  },
  "9. Get User Bookings" : {
    "transaction" : "9. Get User Bookings",
    "sampleCount" : 1000,
    "errorCount" : 344,
    "errorPct" : 34.4,
    "meanResTime" : 144.27699999999993,
    "medianResTime" : 124.0,
    "minResTime" : 6.0,
    "maxResTime" : 482.0,
    "pct1ResTime" : 283.9,
    "pct2ResTime" : 325.0,
    "pct3ResTime" : 395.98,
    "throughput" : 31.39027529271432,
    "receivedKBytesPerSec" : 957.3601121809963,
    "sentKBytesPerSec" : 3.1370656370656373
  },
  "Total" : {
    "transaction" : "Total",
    "sampleCount" : 10020,
    "errorCount" : 3264,
    "errorPct" : 32.574852,
    "meanResTime" : 177.75588822355354,
    "medianResTime" : 154.0,
    "minResTime" : 5.0,
    "maxResTime" : 669.0,
    "pct1ResTime" : 353.0,
    "pct2ResTime" : 429.9499999999989,
    "pct3ResTime" : 543.0,
    "throughput" : 310.3416235636634,
    "receivedKBytesPerSec" : 1641.9143093098617,
    "sentKBytesPerSec" : 38.349413076470405
  },
  "1. Flight Search" : {
    "transaction" : "1. Flight Search",
    "sampleCount" : 1000,
    "errorCount" : 296,
    "errorPct" : 29.6,
    "meanResTime" : 144.1280000000001,
    "medianResTime" : 148.0,
    "minResTime" : 6.0,
    "maxResTime" : 300.0,
    "pct1ResTime" : 252.0,
    "pct2ResTime" : 267.0,
    "pct3ResTime" : 291.0,
    "throughput" : 31.047222825918222,
    "receivedKBytesPerSec" : 28.900598435219965,
    "sentKBytesPerSec" : 4.5251327268775805
  },
  "4. Hotel Details" : {
    "transaction" : "4. Hotel Details",
    "sampleCount" : 1000,
    "errorCount" : 317,
    "errorPct" : 31.7,
    "meanResTime" : 182.83899999999983,
    "medianResTime" : 166.0,
    "minResTime" : 7.0,
    "maxResTime" : 535.0,
    "pct1ResTime" : 331.79999999999995,
    "pct2ResTime" : 358.94999999999993,
    "pct3ResTime" : 466.9200000000001,
    "throughput" : 31.23048094940662,
    "receivedKBytesPerSec" : 39.298040043332286,
    "sentKBytesPerSec" : 2.89543766591193
  },
  "11. Top Properties Analytics" : {
    "transaction" : "11. Top Properties Analytics",
    "sampleCount" : 1000,
    "errorCount" : 365,
    "errorPct" : 36.5,
    "meanResTime" : 111.14699999999992,
    "medianResTime" : 104.0,
    "minResTime" : 5.0,
    "maxResTime" : 308.0,
    "pct1ResTime" : 203.89999999999998,
    "pct2ResTime" : 220.0,
    "pct3ResTime" : 261.0,
    "throughput" : 31.499039279301982,
    "receivedKBytesPerSec" : 33.96789952593946,
    "sentKBytesPerSec" : 4.082416990188049
  },
  "6. Car Details" : {
    "transaction" : "6. Car Details",
    "sampleCount" : 1000,
    "errorCount" : 329,
    "errorPct" : 32.9,
    "meanResTime" : 186.89799999999985,
    "medianResTime" : 175.0,
    "minResTime" : 6.0,
    "maxResTime" : 542.0,
    "pct1ResTime" : 349.9,
    "pct2ResTime" : 382.0,
    "pct3ResTime" : 439.0,
    "throughput" : 31.33912062427528,
    "receivedKBytesPerSec" : 37.44617873288101,
    "sentKBytesPerSec" : 2.7723185954589615
  },
  "2. Flight Details" : {
    "transaction" : "2. Flight Details",
    "sampleCount" : 1000,
    "errorCount" : 297,
    "errorPct" : 29.7,
    "meanResTime" : 185.33000000000018,
    "medianResTime" : 180.0,
    "minResTime" : 6.0,
    "maxResTime" : 530.0,
    "pct1ResTime" : 330.9,
    "pct2ResTime" : 349.0,
    "pct3ResTime" : 399.0,
    "throughput" : 31.142946122703208,
    "receivedKBytesPerSec" : 37.55839302398007,
    "sentKBytesPerSec" : 2.886348927514793
  },
  "10. Create Booking" : {
    "transaction" : "10. Create Booking",
    "sampleCount" : 1000,
    "errorCount" : 358,
    "errorPct" : 35.8,
    "meanResTime" : 156.76899999999978,
    "medianResTime" : 143.0,
    "minResTime" : 6.0,
    "maxResTime" : 503.0,
    "pct1ResTime" : 288.0,
    "pct2ResTime" : 329.94999999999993,
    "pct3ResTime" : 423.96000000000004,
    "throughput" : 31.45445395067942,
    "receivedKBytesPerSec" : 36.95720179211751,
    "sentKBytesPerSec" : 6.981045742639657
  },
  "5. Car Search" : {
    "transaction" : "5. Car Search",
    "sampleCount" : 1000,
    "errorCount" : 319,
    "errorPct" : 31.9,
    "meanResTime" : 267.8919999999998,
    "medianResTime" : 264.5,
    "minResTime" : 7.0,
    "maxResTime" : 669.0,
    "pct1ResTime" : 487.0,
    "pct2ResTime" : 539.8999999999999,
    "pct3ResTime" : 628.0,
    "throughput" : 31.259768677711783,
    "receivedKBytesPerSec" : 196.820905947171,
    "sentKBytesPerSec" : 4.2409493201000314
  }
}