{
  "Cache Test - Flight Search" : {
    "transaction" : "Cache Test - Flight Search",
    "sampleCount" : 20,
    "errorCount" : 0,
    "errorPct" : 0.0,
    "meanResTime" : 19.05,
    "medianResTime" : 15.0,
    "minResTime" : 11.0,
    "maxResTime" : 77.0,
    "pct1ResTime" : 34.60000000000003,
    "pct2ResTime" : 74.94999999999997,
    "pct3ResTime" : 77.0,
    "throughput" : 49.87531172069826,
    "receivedKBytesPerSec" : 18.31359102244389,
    "sentKBytesPerSec" : 10.32574812967581
  },
  "3. Hotel Search" : {
    "transaction" : "3. Hotel Search",
    "sampleCount" : 1000,
    "errorCount" : 0,
    "errorPct" : 0.0,
    "meanResTime" : 387.2299999999998,
    "medianResTime" : 373.5,
    "minResTime" : 65.0,
    "maxResTime" : 1500.0,
    "pct1ResTime" : 615.9,
    "pct2ResTime" : 668.0,
    "pct3ResTime" : 1085.8300000000002,
    "throughput" : 25.015634771732334,
    "receivedKBytesPerSec" : 267.7943245778612,
    "sentKBytesPerSec" : 4.934724828017511
  },
  "7. Get User" : {
    "transaction" : "7. Get User",
    "sampleCount" : 1000,
    "errorCount" : 0,
    "errorPct" : 0.0,
    "meanResTime" : 102.496,
    "medianResTime" : 100.0,
    "minResTime" : 11.0,
    "maxResTime" : 285.0,
    "pct1ResTime" : 177.89999999999998,
    "pct2ResTime" : 188.0,
    "pct3ResTime" : 225.99,
    "throughput" : 25.040064102564102,
    "receivedKBytesPerSec" : 14.745272122896635,
    "sentKBytesPerSec" : 3.3745398888221154
  },
  "9. Get User Bookings" : {
    "transaction" : "9. Get User Bookings",
    "sampleCount" : 1000,
    "errorCount" : 0,
    "errorPct" : 0.0,
    "meanResTime" : 182.19799999999998,
    "medianResTime" : 166.0,
    "minResTime" : 17.0,
    "maxResTime" : 684.0,
    "pct1ResTime" : 305.0,
    "pct2ResTime" : 369.94999999999993,
    "pct3ResTime" : 548.0,
    "throughput" : 25.033795624092527,
    "receivedKBytesPerSec" : 1134.020038379938,
    "sentKBytesPerSec" : 3.813742302107846
  },
  "Total" : {
    "transaction" : "Total",
    "sampleCount" : 10020,
    "errorCount" : 0,
    "errorPct" : 0.0,
    "meanResTime" : 219.72564870259458,
    "medianResTime" : 183.0,
    "minResTime" : 10.0,
    "maxResTime" : 1500.0,
    "pct1ResTime" : 440.0,
    "pct2ResTime" : 530.0,
    "pct3ResTime" : 654.789999999999,
    "throughput" : 248.61055974593094,
    "receivedKBytesPerSec" : 1694.5984444006797,
    "sentKBytesPerSec" : 45.75189497320365
  },
  "1. Flight Search" : {
    "transaction" : "1. Flight Search",
    "sampleCount" : 1000,
    "errorCount" : 0,
    "errorPct" : 0.0,
    "meanResTime" : 199.67799999999988,
    "medianResTime" : 192.5,
    "minResTime" : 14.0,
    "maxResTime" : 517.0,
    "pct1ResTime" : 336.0,
    "pct2ResTime" : 384.8499999999998,
    "pct3ResTime" : 460.0,
    "throughput" : 25.05888838771112,
    "receivedKBytesPerSec" : 9.201310579862678,
    "sentKBytesPerSec" : 5.187972986518318
  },
  "4. Hotel Details" : {
    "transaction" : "4. Hotel Details",
    "sampleCount" : 1000,
    "errorCount" : 0,
    "errorPct" : 0.0,
    "meanResTime" : 260.2790000000002,
    "medianResTime" : 248.0,
    "minResTime" : 14.0,
    "maxResTime" : 704.0,
    "pct1ResTime" : 455.79999999999995,
    "pct2ResTime" : 512.8999999999999,
    "pct3ResTime" : 644.99,
    "throughput" : 25.0557490416176,
    "receivedKBytesPerSec" : 19.74608347322793,
    "sentKBytesPerSec" : 3.4011221843602013
  },
  "11. Top Properties Analytics" : {
    "transaction" : "11. Top Properties Analytics",
    "sampleCount" : 1000,
    "errorCount" : 0,
    "errorPct" : 0.0,
    "meanResTime" : 74.71400000000001,
    "medianResTime" : 63.0,
    "minResTime" : 10.0,
    "maxResTime" : 294.0,
    "pct1ResTime" : 136.89999999999998,
    "pct2ResTime" : 175.0,
    "pct3ResTime" : 208.95000000000005,
    "throughput" : 25.070825080853414,
    "receivedKBytesPerSec" : 9.842257502444406,
    "sentKBytesPerSec" : 5.11699457216637
  },
  "6. Car Details" : {
    "transaction" : "6. Car Details",
    "sampleCount" : 1000,
    "errorCount" : 0,
    "errorPct" : 0.0,
    "meanResTime" : 307.48199999999997,
    "medianResTime" : 307.0,
    "minResTime" : 11.0,
    "maxResTime" : 659.0,
    "pct1ResTime" : 520.9,
    "pct2ResTime" : 563.8499999999998,
    "pct3ResTime" : 619.99,
    "throughput" : 25.04131817498873,
    "receivedKBytesPerSec" : 16.702363587419242,
    "sentKBytesPerSec" : 3.3013456578354288
  },
  "2. Flight Details" : {
    "transaction" : "2. Flight Details",
    "sampleCount" : 1000,
    "errorCount" : 0,
    "errorPct" : 0.0,
    "meanResTime" : 227.0260000000001,
    "medianResTime" : 191.5,
    "minResTime" : 12.0,
    "maxResTime" : 711.0,
    "pct1ResTime" : 403.9,
    "pct2ResTime" : 538.7499999999997,
    "pct3ResTime" : 653.98,
    "throughput" : 25.07648327398566,
    "receivedKBytesPerSec" : 18.954294974672752,
    "sentKBytesPerSec" : 3.3059816816289684
  },
  "10. Create Booking" : {
    "transaction" : "10. Create Booking",
    "sampleCount" : 1000,
    "errorCount" : 0,
    "errorPct" : 0.0,
    "meanResTime" : 141.66499999999994,
    "medianResTime" : 130.0,
    "minResTime" : 24.0,
    "maxResTime" : 644.0,
    "pct1ResTime" : 238.0,
    "pct2ResTime" : 279.6999999999996,
    "pct3ResTime" : 355.99,
    "throughput" : 25.053865811494713,
    "receivedKBytesPerSec" : 14.117266184797314,
    "sentKBytesPerSec" : 8.661199704364384
  },
  "5. Car Search" : {
    "transaction" : "5. Car Search",
    "sampleCount" : 1000,
    "errorCount" : 0,
    "errorPct" : 0.0,
    "meanResTime" : 318.50200000000007,
    "medianResTime" : 289.0,
    "minResTime" : 62.0,
    "maxResTime" : 1171.0,
    "pct1ResTime" : 531.0,
    "pct2ResTime" : 601.8999999999999,
    "pct3ResTime" : 686.96,
    "throughput" : 25.012506253126563,
    "receivedKBytesPerSec" : 204.2036643321661,
    "sentKBytesPerSec" : 4.982960230115058
  }
}