{
  "8. Get Booking" : {
    "transaction" : "8. Get Booking",
    "sampleCount" : 1000,
    "errorCount" : 1000,
    "errorPct" : 100.0,
    "meanResTime" : 138.06600000000003,
    "medianResTime" : 121.0,
    "minResTime" : 5.0,
    "maxResTime" : 396.0,
    "pct1ResTime" : 269.0,
    "pct2ResTime" : 318.94999999999993,
    "pct3ResTime" : 357.97,
    "throughput" : 30.94346628709348,
    "receivedKBytesPerSec" : 42.98422173314355,
    "sentKBytesPerSec" : 1.8515313147878825
  },
  "3. Hotel Search" : {
    "transaction" : "3. Hotel Search",
    "sampleCount" : 1000,
    "errorCount" : 512,
    "errorPct" : 51.2,
    "meanResTime" : 251.4389999999999,
    "medianResTime" : 212.5,
    "minResTime" : 5.0,
    "maxResTime" : 803.0,
    "pct1ResTime" : 513.9,
    "pct2ResTime" : 565.8999999999999,
    "pct3ResTime" : 721.99,
    "throughput" : 30.761658668635413,
    "receivedKBytesPerSec" : 196.74099452442474,
    "sentKBytesPerSec" : 2.9612902977728557
  },
  "9. Get User Bookings" : {
    "transaction" : "9. Get User Bookings",
    "sampleCount" : 1000,
    "errorCount" : 567,
    "errorPct" : 56.7,
    "meanResTime" : 131.52700000000027,
    "medianResTime" : 115.0,
    "minResTime" : 6.0,
    "maxResTime" : 398.0,
    "pct1ResTime" : 263.0,
    "pct2ResTime" : 292.0,
    "pct3ResTime" : 366.94000000000005,
    "throughput" : 30.967422271770097,
    "receivedKBytesPerSec" : 668.8968049362071,
    "sentKBytesPerSec" : 2.0427611714975846
  },
  "4. Hotel Details" : {
    "transaction" : "4. Hotel Details",
    "sampleCount" : 1000,
    "errorCount" : 526,
    "errorPct" : 52.6,
    "meanResTime" : 175.6879999999999,
    "medianResTime" : 141.0,
    "minResTime" : 4.0,
    "maxResTime" : 649.0,
    "pct1ResTime" : 352.0,
    "pct2ResTime" : 397.94999999999993,
    "pct3ResTime" : 508.98,
    "throughput" : 30.824240182479503,
    "receivedKBytesPerSec" : 48.243427694038594,
    "sentKBytesPerSec" : 1.9832870006473091
  },
  "6. Car Details" : {
    "transaction" : "6. Car Details",
    "sampleCount" : 1000,
    "errorCount" : 547,
    "errorPct" : 54.7,
    "meanResTime" : 181.60100000000006,
    "medianResTime" : 150.0,
    "minResTime" : 6.0,
    "maxResTime" : 655.0,
    "pct1ResTime" : 353.0,
    "pct2ResTime" : 395.0,
    "pct3ResTime" : 544.97,
    "throughput" : 30.915723737092684,
    "receivedKBytesPerSec" : 47.877043819173934,
    "sentKBytesPerSec" : 1.84633895033389
  },
  "10. Create Booking" : {
    "transaction" : "10. Create Booking",
    "sampleCount" : 1000,
    "errorCount" : 1000,
    "errorPct" : 100.0,
    "meanResTime" : 172.26,
    "medianResTime" : 159.0,
    "minResTime" : 5.0,
    "maxResTime" : 889.0,
    "pct1ResTime" : 326.0,
    "pct2ResTime" : 364.0,
    "pct3ResTime" : 482.94000000000005,
    "throughput" : 31.02121851346321,
    "receivedKBytesPerSec" : 44.497393248231795,
    "sentKBytesPerSec" : 4.514859648374489
  },
  "5. Car Search" : {
    "transaction" : "5. Car Search",
    "sampleCount" : 1000,
    "errorCount" : 531,
    "errorPct" : 53.1,
    "meanResTime" : 249.66100000000006,
    "medianResTime" : 210.5,
    "minResTime" : 7.0,
    "maxResTime" : 791.0,
    "pct1ResTime" : 518.0,
    "pct2ResTime" : 591.5499999999994,
    "pct3ResTime" : 726.99,
    "throughput" : 30.843254580223302,
    "receivedKBytesPerSec" : 155.5532556982913,
    "sentKBytesPerSec" : 2.8817961183764114
  },
  "Cache Test - Flight Search" : {
    "transaction" : "Cache Test - Flight Search",
    "sampleCount" : 20,
    "errorCount" : 20,
    "errorPct" : 100.0,
    "meanResTime" : 21.85,
    "medianResTime" : 17.0,
    "minResTime" : 12.0,
    "maxResTime" : 85.0,
    "pct1ResTime" : 27.900000000000002,
    "pct2ResTime" : 82.14999999999996,
    "pct3ResTime" : 85.0,
    "throughput" : 43.66812227074236,
    "receivedKBytesPerSec" : 14.456536572052402,
    "sentKBytesPerSec" : 8.571574781659388
  },
  "7. Get User" : {
    "transaction" : "7. Get User",
    "sampleCount" : 1000,
    "errorCount" : 554,
    "errorPct" : 55.4,
    "meanResTime" : 134.61599999999993,
    "medianResTime" : 109.0,
    "minResTime" : 6.0,
    "maxResTime" : 458.0,
    "pct1ResTime" : 263.0,
    "pct2ResTime" : 294.94999999999993,
    "pct3ResTime" : 370.94000000000005,
    "throughput" : 30.9281538984938,
    "receivedKBytesPerSec" : 47.04286980407015,
    "sentKBytesPerSec" : 1.8589511876411098
  },
  "Total" : {
    "transaction" : "Total",
    "sampleCount" : 11020,
    "errorCount" : 7765,
    "errorPct" : 70.46279,
    "meanResTime" : 172.5785843920154,
    "medianResTime" : 139.0,
    "minResTime" : 4.0,
    "maxResTime" : 889.0,
    "pct1ResTime" : 345.0,
    "pct2ResTime" : 414.9499999999989,
    "pct3ResTime" : 580.5799999999981,
    "throughput" : 337.22994063284165,
    "receivedKBytesPerSec" : 1371.2663324235725,
    "sentKBytesPerSec" : 27.444460435920192
  },
  "1. Flight Search" : {
    "transaction" : "1. Flight Search",
    "sampleCount" : 1000,
    "errorCount" : 1000,
    "errorPct" : 100.0,
    "meanResTime" : 153.22899999999984,
    "medianResTime" : 135.0,
    "minResTime" : 5.0,
    "maxResTime" : 487.0,
    "pct1ResTime" : 287.9,
    "pct2ResTime" : 318.0,
    "pct3ResTime" : 392.99,
    "throughput" : 30.672964848782286,
    "receivedKBytesPerSec" : 39.79475712763021,
    "sentKBytesPerSec" : 3.0224252921599906
  },
  "11. Top Properties Analytics" : {
    "transaction" : "11. Top Properties Analytics",
    "sampleCount" : 1000,
    "errorCount" : 1000,
    "errorPct" : 100.0,
    "meanResTime" : 126.46499999999995,
    "medianResTime" : 108.0,
    "minResTime" : 5.0,
    "maxResTime" : 392.0,
    "pct1ResTime" : 252.89999999999998,
    "pct2ResTime" : 293.0,
    "pct3ResTime" : 359.98,
    "throughput" : 31.091627024842207,
    "receivedKBytesPerSec" : 45.85787264286603,
    "sentKBytesPerSec" : 2.6208359081086967
  },
  "2. Flight Details" : {
    "transaction" : "2. Flight Details",
    "sampleCount" : 1000,
    "errorCount" : 508,
    "errorPct" : 50.8,
    "meanResTime" : 186.82700000000008,
    "medianResTime" : 167.0,
    "minResTime" : 7.0,
    "maxResTime" : 691.0,
    "pct1ResTime" : 365.0,
    "pct2ResTime" : 410.89999999999986,
    "pct3ResTime" : 543.96,
    "throughput" : 30.748416456552487,
    "receivedKBytesPerSec" : 47.166989845335465,
    "sentKBytesPerSec" : 1.9944431846134925
  }
}