{
  "8. Get Booking" : {
    "transaction" : "8. Get Booking",
    "sampleCount" : 1000,
    "errorCount" : 1000,
    "errorPct" : 100.0,
    "meanResTime" : 25.728,
    "medianResTime" : 14.0,
    "minResTime" : 7.0,
    "maxResTime" : 715.0,
    "pct1ResTime" : 48.0,
    "pct2ResTime" : 56.94999999999993,
    "pct3ResTime" : 400.2500000000007,
    "throughput" : 4.2837192964419435,
    "receivedKBytesPerSec" : 1.2173460110005911,
    "sentKBytesPerSec" : 0.5772981083095586
  },
  "3. Hotel Search" : {
    "transaction" : "3. Hotel Search",
    "sampleCount" : 1000,
    "errorCount" : 0,
    "errorPct" : 0.0,
    "meanResTime" : 4272.216999999995,
    "medianResTime" : 4577.0,
    "minResTime" : 268.0,
    "maxResTime" : 7055.0,
    "pct1ResTime" : 5021.7,
    "pct2ResTime" : 5183.799999999999,
    "pct3ResTime" : 6935.97,
    "throughput" : 4.35358038450822,
    "receivedKBytesPerSec" : 214.87719263994583,
    "sentKBytesPerSec" : 0.8588117555377542
  },
  "9. Get User Bookings" : {
    "transaction" : "9. Get User Bookings",
    "sampleCount" : 1000,
    "errorCount" : 0,
    "errorPct" : 0.0,
    "meanResTime" : 10.755000000000011,
    "medianResTime" : 10.0,
    "minResTime" : 5.0,
    "maxResTime" : 69.0,
    "pct1ResTime" : 15.0,
    "pct2ResTime" : 18.0,
    "pct3ResTime" : 25.99000000000001,
    "throughput" : 4.283737646771561,
    "receivedKBytesPerSec" : 1.2087502837976192,
    "sentKBytesPerSec" : 0.6358673069426536
  },
  "4. Hotel Details" : {
    "transaction" : "4. Hotel Details",
    "sampleCount" : 1000,
    "errorCount" : 1000,
    "errorPct" : 100.0,
    "meanResTime" : 4245.589000000006,
    "medianResTime" : 4535.5,
    "minResTime" : 221.0,
    "maxResTime" : 7005.0,
    "pct1ResTime" : 4974.0,
    "pct2ResTime" : 5106.849999999999,
    "pct3ResTime" : 6884.66,
    "throughput" : 4.321969435032155,
    "receivedKBytesPerSec" : 1.2197745768791923,
    "sentKBytesPerSec" : 0.5740115655902082
  },
  "6. Car Details" : {
    "transaction" : "6. Car Details",
    "sampleCount" : 1000,
    "errorCount" : 1000,
    "errorPct" : 100.0,
    "meanResTime" : 4235.514999999993,
    "medianResTime" : 4519.0,
    "minResTime" : 354.0,
    "maxResTime" : 6991.0,
    "pct1ResTime" : 4997.9,
    "pct2ResTime" : 5148.849999999999,
    "pct3ResTime" : 6935.0,
    "throughput" : 4.286436856498667,
    "receivedKBytesPerSec" : 1.2013743923975755,
    "sentKBytesPerSec" : 0.5525485010330312
  },
  "10. Create Booking" : {
    "transaction" : "10. Create Booking",
    "sampleCount" : 1000,
    "errorCount" : 1000,
    "errorPct" : 100.0,
    "meanResTime" : 74.16700000000014,
    "medianResTime" : 65.0,
    "minResTime" : 45.0,
    "maxResTime" : 734.0,
    "pct1ResTime" : 89.0,
    "pct2ResTime" : 109.94999999999993,
    "pct3ResTime" : 404.60000000000036,
    "throughput" : 4.273814764320484,
    "receivedKBytesPerSec" : 1.2103576969266998,
    "sentKBytesPerSec" : 1.47747111969673
  },
  "5. Car Search" : {
    "transaction" : "5. Car Search",
    "sampleCount" : 1000,
    "errorCount" : 0,
    "errorPct" : 0.0,
    "meanResTime" : 4295.452999999997,
    "medianResTime" : 4565.0,
    "minResTime" : 261.0,
    "maxResTime" : 7057.0,
    "pct1ResTime" : 5074.8,
    "pct2ResTime" : 5183.9,
    "pct3ResTime" : 6986.85,
    "throughput" : 4.296307753116972,
    "receivedKBytesPerSec" : 159.21926052219473,
    "sentKBytesPerSec" : 0.8559050601912715
  },
  "Cache Test - Flight Search" : {
    "transaction" : "Cache Test - Flight Search",
    "sampleCount" : 20,
    "errorCount" : 20,
    "errorPct" : 100.0,
    "meanResTime" : 18.750000000000004,
    "medianResTime" : 14.0,
    "minResTime" : 10.0,
    "maxResTime" : 108.0,
    "pct1ResTime" : 26.700000000000028,
    "pct2ResTime" : 103.99999999999994,
    "pct3ResTime" : 108.0,
    "throughput" : 49.382716049382715,
    "receivedKBytesPerSec" : 16.34837962962963,
    "sentKBytesPerSec" : 9.693287037037036
  },
  "7. Get User" : {
    "transaction" : "7. Get User",
    "sampleCount" : 1000,
    "errorCount" : 1000,
    "errorPct" : 100.0,
    "meanResTime" : 59.73000000000003,
    "medianResTime" : 54.0,
    "minResTime" : 41.0,
    "maxResTime" : 226.0,
    "pct1ResTime" : 79.89999999999998,
    "pct2ResTime" : 92.94999999999993,
    "pct3ResTime" : 168.97000000000003,
    "throughput" : 4.288789960800459,
    "receivedKBytesPerSec" : 1.2062221764751293,
    "sentKBytesPerSec" : 0.5779814595609994
  },
  "Total" : {
    "transaction" : "Total",
    "sampleCount" : 11020,
    "errorCount" : 8020,
    "errorPct" : 72.77677,
    "meanResTime" : 1946.0995462795004,
    "medianResTime" : 70.0,
    "minResTime" : 4.0,
    "maxResTime" : 7057.0,
    "pct1ResTime" : 4819.0,
    "pct2ResTime" : 4987.949999999999,
    "pct3ResTime" : 5396.069999999969,
    "throughput" : 46.81711586174082,
    "receivedKBytesPerSec" : 378.4154628713082,
    "sentKBytesPerSec" : 8.314289761623561
  },
  "1. Flight Search" : {
    "transaction" : "1. Flight Search",
    "sampleCount" : 1000,
    "errorCount" : 1000,
    "errorPct" : 100.0,
    "meanResTime" : 10.60399999999999,
    "medianResTime" : 9.0,
    "minResTime" : 5.0,
    "maxResTime" : 108.0,
    "pct1ResTime" : 15.0,
    "pct2ResTime" : 19.949999999999932,
    "pct3ResTime" : 33.950000000000045,
    "throughput" : 4.455970554946573,
    "receivedKBytesPerSec" : 1.4751699395770392,
    "sentKBytesPerSec" : 0.8746582827580676
  },
  "11. Top Properties Analytics" : {
    "transaction" : "11. Top Properties Analytics",
    "sampleCount" : 1000,
    "errorCount" : 1000,
    "errorPct" : 100.0,
    "meanResTime" : 9.416000000000018,
    "medianResTime" : 9.0,
    "minResTime" : 4.0,
    "maxResTime" : 52.0,
    "pct1ResTime" : 13.0,
    "pct2ResTime" : 15.0,
    "pct3ResTime" : 20.0,
    "throughput" : 4.274728234152514,
    "receivedKBytesPerSec" : 1.465263291198762,
    "sentKBytesPerSec" : 0.872478711853394
  },
  "2. Flight Details" : {
    "transaction" : "2. Flight Details",
    "sampleCount" : 1000,
    "errorCount" : 1000,
    "errorPct" : 100.0,
    "meanResTime" : 4206.467999999995,
    "medianResTime" : 4515.5,
    "minResTime" : 79.0,
    "maxResTime" : 7006.0,
    "pct1ResTime" : 4995.8,
    "pct2ResTime" : 5134.799999999999,
    "pct3ResTime" : 6929.95,
    "throughput" : 4.404917650064532,
    "receivedKBytesPerSec" : 1.2474864438659319,
    "sentKBytesPerSec" : 0.5764247706139134
  }
}