{
  "8. Get Booking" : {
    "transaction" : "8. Get Booking",
    "sampleCount" : 1000,
    "errorCount" : 1000,
    "errorPct" : 100.0,
    "meanResTime" : 10.32800000000002,
    "medianResTime" : 9.0,
    "minResTime" : 5.0,
    "maxResTime" : 80.0,
    "pct1ResTime" : 13.0,
    "pct2ResTime" : 15.0,
    "pct3ResTime" : 59.99000000000001,
    "throughput" : 4.613801726484605,
    "receivedKBytesPerSec" : 1.3111487328193558,
    "sentKBytesPerSec" : 0.6217818732957769
  },
  "3. Hotel Search" : {
    "transaction" : "3. Hotel Search",
    "sampleCount" : 1000,
    "errorCount" : 0,
    "errorPct" : 0.0,
    "meanResTime" : 3927.7480000000014,
    "medianResTime" : 4265.0,
    "minResTime" : 149.0,
    "maxResTime" : 4947.0,
    "pct1ResTime" : 4446.0,
    "pct2ResTime" : 4486.95,
    "pct3ResTime" : 4870.87,
    "throughput" : 4.699513130439686,
    "receivedKBytesPerSec" : 231.88701166184183,
    "sentKBytesPerSec" : 0.9270523948718912
  },
  "7. Get User" : {
    "transaction" : "7. Get User",
    "sampleCount" : 1000,
    "errorCount" : 1000,
    "errorPct" : 100.0,
    "meanResTime" : 7.662999999999997,
    "medianResTime" : 7.0,
    "minResTime" : 4.0,
    "maxResTime" : 61.0,
    "pct1ResTime" : 10.0,
    "pct2ResTime" : 12.0,
    "pct3ResTime" : 23.970000000000027,
    "throughput" : 4.614589486119314,
    "receivedKBytesPerSec" : 1.7349774923397814,
    "sentKBytesPerSec" : 0.6218880362152983
  },
  "9. Get User Bookings" : {
    "transaction" : "9. Get User Bookings",
    "sampleCount" : 1000,
    "errorCount" : 0,
    "errorPct" : 0.0,
    "meanResTime" : 12.743000000000004,
    "medianResTime" : 11.0,
    "minResTime" : 7.0,
    "maxResTime" : 95.0,
    "pct1ResTime" : 15.0,
    "pct2ResTime" : 18.0,
    "pct3ResTime" : 67.0,
    "throughput" : 4.613056795955272,
    "receivedKBytesPerSec" : 1.2388580262575193,
    "sentKBytesPerSec" : 0.6847506181496106
  },
  "Total" : {
    "transaction" : "Total",
    "sampleCount" : 11000,
    "errorCount" : 8000,
    "errorPct" : 72.72727,
    "meanResTime" : 1778.0675454545442,
    "medianResTime" : 19.0,
    "minResTime" : 4.0,
    "maxResTime" : 4949.0,
    "pct1ResTime" : 4353.0,
    "pct2ResTime" : 4417.0,
    "pct3ResTime" : 4533.98,
    "throughput" : 50.546824740373125,
    "receivedKBytesPerSec" : 409.5621094108997,
    "sentKBytesPerSec" : 8.97493337009466
  },
  "1. Flight Search" : {
    "transaction" : "1. Flight Search",
    "sampleCount" : 1000,
    "errorCount" : 1000,
    "errorPct" : 100.0,
    "meanResTime" : 13.02699999999999,
    "medianResTime" : 10.0,
    "minResTime" : 5.0,
    "maxResTime" : 108.0,
    "pct1ResTime" : 23.0,
    "pct2ResTime" : 30.0,
    "pct3ResTime" : 51.0,
    "throughput" : 4.831851565519907,
    "receivedKBytesPerSec" : 1.5996071100695786,
    "sentKBytesPerSec" : 0.9484396139350599
  },
  "4. Hotel Details" : {
    "transaction" : "4. Hotel Details",
    "sampleCount" : 1000,
    "errorCount" : 1000,
    "errorPct" : 100.0,
    "meanResTime" : 3895.6550000000034,
    "medianResTime" : 4214.0,
    "minResTime" : 79.0,
    "maxResTime" : 4910.0,
    "pct1ResTime" : 4400.9,
    "pct2ResTime" : 4436.0,
    "pct3ResTime" : 4822.84,
    "throughput" : 4.661570016781652,
    "receivedKBytesPerSec" : 1.3156188816893528,
    "sentKBytesPerSec" : 0.6191147678538131
  },
  "11. Top Properties Analytics" : {
    "transaction" : "11. Top Properties Analytics",
    "sampleCount" : 1000,
    "errorCount" : 1000,
    "errorPct" : 100.0,
    "meanResTime" : 9.50499999999999,
    "medianResTime" : 9.0,
    "minResTime" : 4.0,
    "maxResTime" : 68.0,
    "pct1ResTime" : 12.0,
    "pct2ResTime" : 16.0,
    "pct3ResTime" : 31.99000000000001,
    "throughput" : 4.612418475503445,
    "receivedKBytesPerSec" : 1.5810145360368255,
    "sentKBytesPerSec" : 0.9414018177541211
  },
  "6. Car Details" : {
    "transaction" : "6. Car Details",
    "sampleCount" : 1000,
    "errorCount" : 1000,
    "errorPct" : 100.0,
    "meanResTime" : 3885.1699999999996,
    "medianResTime" : 4217.0,
    "minResTime" : 183.0,
    "maxResTime" : 4931.0,
    "pct1ResTime" : 4415.9,
    "pct2ResTime" : 4455.0,
    "pct3ResTime" : 4871.93,
    "throughput" : 4.611142364409359,
    "receivedKBytesPerSec" : 1.2923807212748886,
    "sentKBytesPerSec" : 0.5944050704121439
  },
  "2. Flight Details" : {
    "transaction" : "2. Flight Details",
    "sampleCount" : 1000,
    "errorCount" : 1000,
    "errorPct" : 100.0,
    "meanResTime" : 3841.9419999999973,
    "medianResTime" : 4215.0,
    "minResTime" : 50.0,
    "maxResTime" : 4901.0,
    "pct1ResTime" : 4402.9,
    "pct2ResTime" : 4445.849999999999,
    "pct3ResTime" : 4833.96,
    "throughput" : 4.768489819274236,
    "receivedKBytesPerSec" : 1.3504512183491488,
    "sentKBytesPerSec" : 0.6240015974440895
  },
  "10. Create Booking" : {
    "transaction" : "10. Create Booking",
    "sampleCount" : 1000,
    "errorCount" : 1000,
    "errorPct" : 100.0,
    "meanResTime" : 18.251000000000012,
    "medianResTime" : 16.0,
    "minResTime" : 10.0,
    "maxResTime" : 96.0,
    "pct1ResTime" : 23.0,
    "pct2ResTime" : 27.0,
    "pct3ResTime" : 70.99000000000001,
    "throughput" : 4.612227013813619,
    "receivedKBytesPerSec" : 1.3467342550100316,
    "sentKBytesPerSec" : 1.5944612918847867
  },
  "5. Car Search" : {
    "transaction" : "5. Car Search",
    "sampleCount" : 1000,
    "errorCount" : 0,
    "errorPct" : 0.0,
    "meanResTime" : 3936.710999999999,
    "medianResTime" : 4257.0,
    "minResTime" : 188.0,
    "maxResTime" : 4949.0,
    "pct1ResTime" : 4448.0,
    "pct2ResTime" : 4482.9,
    "pct3ResTime" : 4839.76,
    "throughput" : 4.624940453891656,
    "receivedKBytesPerSec" : 171.33507433435545,
    "sentKBytesPerSec" : 0.9213748560487284
  }
}