{
  "3. Hotel Search" : {
    "transaction" : "3. Hotel Search",
    "sampleCount" : 1000,
    "errorCount" : 0,
    "errorPct" : 0.0,
    "meanResTime" : 402.76900000000023,
    "medianResTime" : 394.5,
    "minResTime" : 62.0,
    "maxResTime" : 1491.0,
    "pct1ResTime" : 633.9,
    "pct2ResTime" : 691.8999999999999,
    "pct3ResTime" : 841.95,
    "throughput" : 24.932681759250027,
    "receivedKBytesPerSec" : 266.906306098534,
    "sentKBytesPerSec" : 4.918361050164556
  },
  "7. Get User" : {
    "transaction" : "7. Get User",
    "sampleCount" : 1000,
    "errorCount" : 0,
    "errorPct" : 0.0,
    "meanResTime" : 93.76200000000004,
    "medianResTime" : 78.0,
    "minResTime" : 10.0,
    "maxResTime" : 364.0,
    "pct1ResTime" : 180.0,
    "pct2ResTime" : 204.94999999999993,
    "pct3ResTime" : 326.0,
    "throughput" : 25.222589351022776,
    "receivedKBytesPerSec" : 14.849651691805182,
    "sentKBytesPerSec" : 3.399138018008929
  },
  "9. Get User Bookings" : {
    "transaction" : "9. Get User Bookings",
    "sampleCount" : 1000,
    "errorCount" : 0,
    "errorPct" : 0.0,
    "meanResTime" : 177.09999999999994,
    "medianResTime" : 148.0,
    "minResTime" : 19.0,
    "maxResTime" : 557.0,
    "pct1ResTime" : 331.9,
    "pct2ResTime" : 404.89999999999986,
    "pct3ResTime" : 502.99,
    "throughput" : 25.249337204898374,
    "receivedKBytesPerSec" : 1143.7573972667594,
    "sentKBytesPerSec" : 3.8465787148087367
  },
  "Total" : {
    "transaction" : "Total",
    "sampleCount" : 10000,
    "errorCount" : 0,
    "errorPct" : 0.0,
    "meanResTime" : 242.47180000000037,
    "medianResTime" : 204.0,
    "minResTime" : 8.0,
    "maxResTime" : 1641.0,
    "pct1ResTime" : 486.0,
    "pct2ResTime" : 555.0,
    "pct3ResTime" : 689.9899999999998,
    "throughput" : 244.1585077032009,
    "receivedKBytesPerSec" : 1667.3615010865053,
    "sentKBytesPerSec" : 44.92135044070611
  },
  "1. Flight Search" : {
    "transaction" : "1. Flight Search",
    "sampleCount" : 1000,
    "errorCount" : 0,
    "errorPct" : 0.0,
    "meanResTime" : 237.29999999999993,
    "medianResTime" : 235.0,
    "minResTime" : 8.0,
    "maxResTime" : 652.0,
    "pct1ResTime" : 378.0,
    "pct2ResTime" : 432.6499999999995,
    "pct3ResTime" : 528.98,
    "throughput" : 24.560972614515535,
    "receivedKBytesPerSec" : 9.018482131892423,
    "sentKBytesPerSec" : 5.084888861598919
  },
  "4. Hotel Details" : {
    "transaction" : "4. Hotel Details",
    "sampleCount" : 1000,
    "errorCount" : 0,
    "errorPct" : 0.0,
    "meanResTime" : 306.7060000000006,
    "medianResTime" : 306.0,
    "minResTime" : 10.0,
    "maxResTime" : 827.0,
    "pct1ResTime" : 515.9,
    "pct2ResTime" : 560.0,
    "pct3ResTime" : 668.9100000000001,
    "throughput" : 24.9744012387303,
    "receivedKBytesPerSec" : 19.67992573237432,
    "sentKBytesPerSec" : 3.390079855647961
  },
  "11. Top Properties Analytics" : {
    "transaction" : "11. Top Properties Analytics",
    "sampleCount" : 1000,
    "errorCount" : 0,
    "errorPct" : 0.0,
    "meanResTime" : 84.23800000000006,
    "medianResTime" : 66.5,
    "minResTime" : 9.0,
    "maxResTime" : 753.0,
    "pct1ResTime" : 160.0,
    "pct2ResTime" : 187.94999999999993,
    "pct3ResTime" : 326.8600000000001,
    "throughput" : 25.456304253748442,
    "receivedKBytesPerSec" : 9.989411768449456,
    "sentKBytesPerSec" : 5.1956714736654535
  },
  "6. Car Details" : {
    "transaction" : "6. Car Details",
    "sampleCount" : 1000,
    "errorCount" : 0,
    "errorPct" : 0.0,
    "meanResTime" : 337.55300000000017,
    "medianResTime" : 336.0,
    "minResTime" : 10.0,
    "maxResTime" : 832.0,
    "pct1ResTime" : 550.0,
    "pct2ResTime" : 597.9499999999999,
    "pct3ResTime" : 699.97,
    "throughput" : 25.12562814070352,
    "receivedKBytesPerSec" : 16.75584956030151,
    "sentKBytesPerSec" : 3.3124607412060305
  },
  "2. Flight Details" : {
    "transaction" : "2. Flight Details",
    "sampleCount" : 1000,
    "errorCount" : 0,
    "errorPct" : 0.0,
    "meanResTime" : 288.5429999999997,
    "medianResTime" : 276.0,
    "minResTime" : 10.0,
    "maxResTime" : 840.0,
    "pct1ResTime" : 495.9,
    "pct2ResTime" : 532.9499999999999,
    "pct3ResTime" : 695.97,
    "throughput" : 24.7843759294141,
    "receivedKBytesPerSec" : 18.731130957544366,
    "sentKBytesPerSec" : 3.2674714360067414
  },
  "10. Create Booking" : {
    "transaction" : "10. Create Booking",
    "sampleCount" : 1000,
    "errorCount" : 0,
    "errorPct" : 0.0,
    "meanResTime" : 134.575,
    "medianResTime" : 115.5,
    "minResTime" : 20.0,
    "maxResTime" : 510.0,
    "pct1ResTime" : 252.0,
    "pct2ResTime" : 301.94999999999993,
    "pct3ResTime" : 337.98,
    "throughput" : 25.392311208166166,
    "receivedKBytesPerSec" : 14.307972233507694,
    "sentKBytesPerSec" : 8.77820133563557
  },
  "5. Car Search" : {
    "transaction" : "5. Car Search",
    "sampleCount" : 1000,
    "errorCount" : 0,
    "errorPct" : 0.0,
    "meanResTime" : 362.17200000000025,
    "medianResTime" : 345.5,
    "minResTime" : 55.0,
    "maxResTime" : 1641.0,
    "pct1ResTime" : 562.0,
    "pct2ResTime" : 608.8999999999999,
    "pct3ResTime" : 761.9100000000001,
    "throughput" : 25.06454119357345,
    "receivedKBytesPerSec" : 204.62848083815825,
    "sentKBytesPerSec" : 4.9933265659072115
  }
}