{
  "8. Get Booking" : {
    "transaction" : "8. Get Booking",
    "sampleCount" : 1000,
    "errorCount" : 1000,
    "errorPct" : 100.0,
    "meanResTime" : 246.28699999999972,
    "medianResTime" : 223.5,
    "minResTime" : 27.0,
    "maxResTime" : 806.0,
    "pct1ResTime" : 418.0,
    "pct2ResTime" : 494.0,
    "pct3ResTime" : 624.99,
    "throughput" : 18.79840589518009,
    "receivedKBytesPerSec" : 5.342125112790436,
    "sentKBytesPerSec" : 2.533378919467629
  },
  "3. Hotel Search" : {
    "transaction" : "3. Hotel Search",
    "sampleCount" : 1000,
    "errorCount" : 0,
    "errorPct" : 0.0,
    "meanResTime" : 582.726000000001,
    "medianResTime" : 601.0,
    "minResTime" : 76.0,
    "maxResTime" : 1107.0,
    "pct1ResTime" : 840.6999999999999,
    "pct2ResTime" : 912.7999999999997,
    "pct3ResTime" : 1020.96,
    "throughput" : 18.533963488091928,
    "receivedKBytesPerSec" : 198.73230585673247,
    "sentKBytesPerSec" : 3.6561138912056346
  },
  "7. Get User" : {
    "transaction" : "7. Get User",
    "sampleCount" : 1000,
    "errorCount" : 0,
    "errorPct" : 0.0,
    "meanResTime" : 237.63399999999976,
    "medianResTime" : 220.0,
    "minResTime" : 25.0,
    "maxResTime" : 965.0,
    "pct1ResTime" : 400.0,
    "pct2ResTime" : 461.94999999999993,
    "pct3ResTime" : 728.1300000000008,
    "throughput" : 18.751875187518753,
    "receivedKBytesPerSec" : 11.040313015676567,
    "sentKBytesPerSec" : 2.5271081795679566
  },
  "9. Get User Bookings" : {
    "transaction" : "9. Get User Bookings",
    "sampleCount" : 1000,
    "errorCount" : 0,
    "errorPct" : 0.0,
    "meanResTime" : 234.51500000000016,
    "medianResTime" : 210.0,
    "minResTime" : 23.0,
    "maxResTime" : 968.0,
    "pct1ResTime" : 394.9,
    "pct2ResTime" : 465.94999999999993,
    "pct3ResTime" : 556.7500000000002,
    "throughput" : 18.82423808896335,
    "receivedKBytesPerSec" : 883.0476926778421,
    "sentKBytesPerSec" : 2.8677550213655105
  },
  "Total" : {
    "transaction" : "Total",
    "sampleCount" : 11000,
    "errorCount" : 4000,
    "errorPct" : 36.363636,
    "meanResTime" : 356.29772727272683,
    "medianResTime" : 315.0,
    "minResTime" : 11.0,
    "maxResTime" : 1129.0,
    "pct1ResTime" : 642.0,
    "pct2ResTime" : 742.0,
    "pct3ResTime" : 915.9899999999998,
    "throughput" : 200.19291317087377,
    "receivedKBytesPerSec" : 1271.6554915987224,
    "sentKBytesPerSec" : 35.741117576937775
  },
  "1. Flight Search" : {
    "transaction" : "1. Flight Search",
    "sampleCount" : 1000,
    "errorCount" : 1000,
    "errorPct" : 100.0,
    "meanResTime" : 295.1179999999999,
    "medianResTime" : 295.0,
    "minResTime" : 13.0,
    "maxResTime" : 846.0,
    "pct1ResTime" : 446.5999999999999,
    "pct2ResTime" : 493.89999999999986,
    "pct3ResTime" : 547.99,
    "throughput" : 18.422652493506014,
    "receivedKBytesPerSec" : 6.0989054641587295,
    "sentKBytesPerSec" : 3.616165186713583
  },
  "4. Hotel Details" : {
    "transaction" : "4. Hotel Details",
    "sampleCount" : 1000,
    "errorCount" : 0,
    "errorPct" : 0.0,
    "meanResTime" : 394.01600000000036,
    "medianResTime" : 387.5,
    "minResTime" : 17.0,
    "maxResTime" : 950.0,
    "pct1ResTime" : 622.8,
    "pct2ResTime" : 690.9499999999999,
    "pct3ResTime" : 887.0,
    "throughput" : 18.61019094055905,
    "receivedKBytesPerSec" : 14.538702799903227,
    "sentKBytesPerSec" : 2.5261880280641678
  },
  "11. Top Properties Analytics" : {
    "transaction" : "11. Top Properties Analytics",
    "sampleCount" : 1000,
    "errorCount" : 1000,
    "errorPct" : 100.0,
    "meanResTime" : 210.59299999999985,
    "medianResTime" : 194.5,
    "minResTime" : 11.0,
    "maxResTime" : 826.0,
    "pct1ResTime" : 356.79999999999995,
    "pct2ResTime" : 404.8499999999998,
    "pct3ResTime" : 635.0,
    "throughput" : 18.935807612194658,
    "receivedKBytesPerSec" : 6.49069186707063,
    "sentKBytesPerSec" : 3.864827920848324
  },
  "6. Car Details" : {
    "transaction" : "6. Car Details",
    "sampleCount" : 1000,
    "errorCount" : 0,
    "errorPct" : 0.0,
    "meanResTime" : 392.24100000000027,
    "medianResTime" : 398.0,
    "minResTime" : 12.0,
    "maxResTime" : 951.0,
    "pct1ResTime" : 594.8,
    "pct2ResTime" : 657.9499999999999,
    "pct3ResTime" : 765.7900000000002,
    "throughput" : 18.71958068139274,
    "receivedKBytesPerSec" : 12.64957383704605,
    "sentKBytesPerSec" : 2.4679134687383
  },
  "2. Flight Details" : {
    "transaction" : "2. Flight Details",
    "sampleCount" : 1000,
    "errorCount" : 0,
    "errorPct" : 0.0,
    "meanResTime" : 387.16799999999967,
    "medianResTime" : 386.5,
    "minResTime" : 19.0,
    "maxResTime" : 1117.0,
    "pct1ResTime" : 613.0,
    "pct2ResTime" : 672.8499999999998,
    "pct3ResTime" : 822.0,
    "throughput" : 18.465856631089117,
    "receivedKBytesPerSec" : 14.26263814768992,
    "sentKBytesPerSec" : 2.434463520700225
  },
  "10. Create Booking" : {
    "transaction" : "10. Create Booking",
    "sampleCount" : 1000,
    "errorCount" : 1000,
    "errorPct" : 100.0,
    "meanResTime" : 374.9429999999999,
    "medianResTime" : 345.0,
    "minResTime" : 77.0,
    "maxResTime" : 1129.0,
    "pct1ResTime" : 596.9,
    "pct2ResTime" : 679.8999999999999,
    "pct3ResTime" : 831.8900000000001,
    "throughput" : 18.839487565938207,
    "receivedKBytesPerSec" : 5.335401752072344,
    "sentKBytesPerSec" : 6.5128697249434815
  },
  "5. Car Search" : {
    "transaction" : "5. Car Search",
    "sampleCount" : 1000,
    "errorCount" : 0,
    "errorPct" : 0.0,
    "meanResTime" : 564.0339999999999,
    "medianResTime" : 573.0,
    "minResTime" : 70.0,
    "maxResTime" : 1121.0,
    "pct1ResTime" : 840.9,
    "pct2ResTime" : 911.0,
    "pct3ResTime" : 1075.91,
    "throughput" : 18.63099452248761,
    "receivedKBytesPerSec" : 152.4313375074524,
    "sentKBytesPerSec" : 3.7116434400268288
  }
}