{
  "3. Hotel Search" : {
    "transaction" : "3. Hotel Search",
    "sampleCount" : 1000,
    "errorCount" : 0,
    "errorPct" : 0.0,
    "meanResTime" : 267.8760000000002,
    "medianResTime" : 263.5,
    "minResTime" : 63.0,
    "maxResTime" : 746.0,
    "pct1ResTime" : 383.9,
    "pct2ResTime" : 447.0,
    "pct3ResTime" : 575.0,
    "throughput" : 30.93676525182527,
    "receivedKBytesPerSec" : 331.7234533550922,
    "sentKBytesPerSec" : 6.102760332879594
  },
  "7. Get User" : {
    "transaction" : "7. Get User",
    "sampleCount" : 1000,
    "errorCount" : 0,
    "errorPct" : 0.0,
    "meanResTime" : 74.40600000000002,
    "medianResTime" : 65.0,
    "minResTime" : 8.0,
    "maxResTime" : 224.0,
    "pct1ResTime" : 139.89999999999998,
    "pct2ResTime" : 158.89999999999986,
    "pct3ResTime" : 202.99,
    "throughput" : 31.12162330387153,
    "receivedKBytesPerSec" : 18.325651803498072,
    "sentKBytesPerSec" : 4.194125015560812
  },
  "9. Get User Bookings" : {
    "transaction" : "9. Get User Bookings",
    "sampleCount" : 1000,
    "errorCount" : 0,
    "errorPct" : 0.0,
    "meanResTime" : 115.23100000000008,
    "medianResTime" : 101.5,
    "minResTime" : 10.0,
    "maxResTime" : 391.0,
    "pct1ResTime" : 208.89999999999998,
    "pct2ResTime" : 247.8499999999998,
    "pct3ResTime" : 360.97,
    "throughput" : 31.15070712105165,
    "receivedKBytesPerSec" : 1411.2537040137688,
    "sentKBytesPerSec" : 4.7456155379727125
  },
  "Total" : {
    "transaction" : "Total",
    "sampleCount" : 10000,
    "errorCount" : 0,
    "errorPct" : 0.0,
    "meanResTime" : 148.16349999999994,
    "medianResTime" : 128.0,
    "minResTime" : 7.0,
    "maxResTime" : 746.0,
    "pct1ResTime" : 285.0,
    "pct2ResTime" : 336.0,
    "pct3ResTime" : 453.0,
    "throughput" : 304.8966400390268,
    "receivedKBytesPerSec" : 2083.372408140359,
    "sentKBytesPerSec" : 56.09621775718031
  },
  "1. Flight Search" : {
    "transaction" : "1. Flight Search",
    "sampleCount" : 1000,
    "errorCount" : 0,
    "errorPct" : 0.0,
    "meanResTime" : 104.25,
    "medianResTime" : 99.0,
    "minResTime" : 7.0,
    "maxResTime" : 355.0,
    "pct1ResTime" : 165.0,
    "pct2ResTime" : 179.94999999999993,
    "pct3ResTime" : 217.99,
    "throughput" : 30.775859415874187,
    "receivedKBytesPerSec" : 11.300510879266303,
    "sentKBytesPerSec" : 6.371564644692703
  },
  "4. Hotel Details" : {
    "transaction" : "4. Hotel Details",
    "sampleCount" : 1000,
    "errorCount" : 0,
    "errorPct" : 0.0,
    "meanResTime" : 150.0339999999999,
    "medianResTime" : 142.5,
    "minResTime" : 8.0,
    "maxResTime" : 493.0,
    "pct1ResTime" : 237.0,
    "pct2ResTime" : 262.0,
    "pct3ResTime" : 385.73000000000025,
    "throughput" : 31.039513300431448,
    "receivedKBytesPerSec" : 24.46095520222243,
    "sentKBytesPerSec" : 4.21337143433591
  },
  "11. Top Properties Analytics" : {
    "transaction" : "11. Top Properties Analytics",
    "sampleCount" : 1000,
    "errorCount" : 0,
    "errorPct" : 0.0,
    "meanResTime" : 73.95000000000003,
    "medianResTime" : 64.0,
    "minResTime" : 8.0,
    "maxResTime" : 338.0,
    "pct1ResTime" : 144.0,
    "pct2ResTime" : 172.0,
    "pct3ResTime" : 194.96000000000004,
    "throughput" : 31.192488848685237,
    "receivedKBytesPerSec" : 12.244209406874825,
    "sentKBytesPerSec" : 6.3664357122804835
  },
  "6. Car Details" : {
    "transaction" : "6. Car Details",
    "sampleCount" : 1000,
    "errorCount" : 0,
    "errorPct" : 0.0,
    "meanResTime" : 147.78399999999982,
    "medianResTime" : 144.0,
    "minResTime" : 10.0,
    "maxResTime" : 511.0,
    "pct1ResTime" : 237.0,
    "pct2ResTime" : 252.0,
    "pct3ResTime" : 298.99,
    "throughput" : 31.088727227507306,
    "receivedKBytesPerSec" : 20.735088097680784,
    "sentKBytesPerSec" : 4.098611499720202
  },
  "2. Flight Details" : {
    "transaction" : "2. Flight Details",
    "sampleCount" : 1000,
    "errorCount" : 0,
    "errorPct" : 0.0,
    "meanResTime" : 150.28999999999982,
    "medianResTime" : 137.5,
    "minResTime" : 10.0,
    "maxResTime" : 531.0,
    "pct1ResTime" : 241.0,
    "pct2ResTime" : 284.94999999999993,
    "pct3ResTime" : 385.99,
    "throughput" : 30.821390044691015,
    "receivedKBytesPerSec" : 23.29537245723532,
    "sentKBytesPerSec" : 4.063366851595007
  },
  "10. Create Booking" : {
    "transaction" : "10. Create Booking",
    "sampleCount" : 1000,
    "errorCount" : 0,
    "errorPct" : 0.0,
    "meanResTime" : 138.91499999999988,
    "medianResTime" : 118.0,
    "minResTime" : 21.0,
    "maxResTime" : 535.0,
    "pct1ResTime" : 257.9,
    "pct2ResTime" : 301.0,
    "pct3ResTime" : 446.96000000000004,
    "throughput" : 31.16721209287829,
    "receivedKBytesPerSec" : 17.538831180847748,
    "sentKBytesPerSec" : 10.774602618045815
  },
  "5. Car Search" : {
    "transaction" : "5. Car Search",
    "sampleCount" : 1000,
    "errorCount" : 0,
    "errorPct" : 0.0,
    "meanResTime" : 258.89899999999983,
    "medianResTime" : 246.0,
    "minResTime" : 58.0,
    "maxResTime" : 663.0,
    "pct1ResTime" : 381.0,
    "pct2ResTime" : 432.0,
    "pct3ResTime" : 568.94,
    "throughput" : 31.01833183411396,
    "receivedKBytesPerSec" : 253.77999569620647,
    "sentKBytesPerSec" : 6.179433295077391
  }
}