{
  "generated_at": "2025-12-01T11:12:49.772227",
  "combinations": [
    {
      "combination": "BASE",
      "total_requests": 11000,
      "successful": 3000,
      "failed": 8000,
      "success_rate": 27.27272727272727,
      "error_rate": 72.72727272727273,
      "avg_response_time": 1778.0675454545456,
      "min_response_time": 4.0,
      "max_response_time": 4949.0,
      "median_response_time": 19.0,
      "p95_response_time": 4417.0,
      "p99_response_time": 4532.02,
      "error_400": 2000,
      "error_401": 1000,
      "error_404": 4000,
      "error_409": 0,
      "error_500": 1000,
      "throughput": 50.5512382755594,
      "avg_latency": 1777.7335454545455
    },
    {
      "combination": "BASE_REDIS",
      "total_requests": 11020,
      "successful": 3000,
      "failed": 8020,
      "success_rate": 27.223230490018146,
      "error_rate": 72.77676950998185,
      "avg_response_time": 1946.0995462794917,
      "min_response_time": 4.0,
      "max_response_time": 7057.0,
      "median_response_time": 70.0,
      "p95_response_time": 4987.049999999999,
      "p99_response_time": 5365.059999999987,
      "error_400": 2020,
      "error_401": 1000,
      "error_404": 5000,
      "error_409": 0,
      "error_500": 0,
      "throughput": 46.81890600106213,
      "avg_latency": 1945.69110707804
    },
    {
      "combination": "BASE_REDIS_KAFKA",
      "total_requests": 11170,
      "successful": 7000,
      "failed": 4170,
      "success_rate": 62.66786034019696,
      "error_rate": 37.33213965980304,
      "avg_response_time": 786.1794986571173,
      "min_response_time": 5.0,
      "max_response_time": 5671.0,
      "median_response_time": 18.0,
      "p95_response_time": 5168.0,
      "p99_response_time": 5428.619999999999,
      "error_400": 2070,
      "error_401": 1000,
      "error_404": 1050,
      "error_409": 50,
      "error_500": 0,
      "throughput": 103.37519550590913,
      "avg_latency": 785.5632050134288
    },
    {
      "combination": "ALL_OPTIMIZATIONS",
      "total_requests": 11170,
      "successful": 7000,
      "failed": 4170,
      "success_rate": 62.66786034019696,
      "error_rate": 37.33213965980304,
      "avg_response_time": 395.07350044762757,
      "min_response_time": 8.0,
      "max_response_time": 2336.0,
      "median_response_time": 333.0,
      "p95_response_time": 954.0,
      "p99_response_time": 1342.3099999999995,
      "error_400": 2070,
      "error_401": 1000,
      "error_404": 1050,
      "error_409": 50,
      "error_500": 0,
      "throughput": 192.5629665385212,
      "avg_latency": 394.1145926589078
    }
  ]
}