{
  "generated_at": "2025-12-07T22:19:18.925259",
  "combinations": [
    {
      "combination": "BASE",
      "total_requests": 10000,
      "successful": 10000,
      "failed": 0,
      "total_errors": 0,
      "success_rate": 100.0,
      "error_rate": 0.0,
      "avg_response_time": 148.1635,
      "min_response_time": 7.0,
      "max_response_time": 746.0,
      "median_response_time": 128.0,
      "p95_response_time": 336.0,
      "p99_response_time": 453.0,
      "error_400": 0,
      "error_401": 0,
      "error_404": 0,
      "error_409": 0,
      "error_500": 0,
      "throughput": 305.01753850846427,
      "avg_latency": 147.3949
    },
    {
      "combination": "BASE_REDIS",
      "total_requests": 10020,
      "successful": 6756,
      "failed": 3264,
      "total_errors": 3264,
      "success_rate": 67.42514970059881,
      "error_rate": 32.5748502994012,
      "avg_response_time": 225.28049141503848,
      "min_response_time": 14.0,
      "max_response_time": 669.0,
      "median_response_time": 211.5,
      "p95_response_time": 469.0,
      "p99_response_time": 580.4499999999998,
      "error_400": 0,
      "error_401": 0,
      "error_404": 0,
      "error_409": 0,
      "error_500": 0,
      "throughput": 310.3896908493898,
      "avg_latency": 149.36716566866266
    },
    {
      "combination": "BASE_REDIS_KAFKA",
      "total_requests": 10170,
      "successful": 10070,
      "failed": 100,
      "total_errors": 100,
      "success_rate": 99.01671583087513,
      "error_rate": 0.983284169124877,
      "avg_response_time": 296.63862959285007,
      "min_response_time": 12.0,
      "max_response_time": 1039.0,
      "median_response_time": 264.0,
      "p95_response_time": 677.0,
      "p99_response_time": 869.0,
      "error_400": 0,
      "error_401": 0,
      "error_404": 50,
      "error_409": 50,
      "error_500": 0,
      "throughput": 222.71861244333488,
      "avg_latency": 293.0667649950836
    },
    {
      "combination": "ALL_OPTIMIZATIONS",
      "total_requests": 10170,
      "successful": 10070,
      "failed": 100,
      "total_errors": 100,
      "success_rate": 99.01671583087513,
      "error_rate": 0.983284169124877,
      "avg_response_time": 317.43942403177755,
      "min_response_time": 13.0,
      "max_response_time": 1085.0,
      "median_response_time": 290.0,
      "p95_response_time": 689.0,
      "p99_response_time": 860.0,
      "error_400": 0,
      "error_401": 0,
      "error_404": 50,
      "error_409": 50,
      "error_500": 0,
      "throughput": 205.81211802323227,
      "avg_latency": 313.2848574237955
    }
  ]
}