{
  "generated_at": "2025-12-08T01:20:00.136284",
  "combinations": [
    {
      "combination": "BASE",
      "total_requests": 10000,
      "successful": 10000,
      "failed": 0,
      "total_errors": 0,
      "success_rate": 100.0,
      "error_rate": 0.0,
      "avg_response_time": 242.4718,
      "min_response_time": 8.0,
      "max_response_time": 1641.0,
      "median_response_time": 204.0,
      "p95_response_time": 555.0,
      "p99_response_time": 689.0100000000002,
      "error_400": 0,
      "error_401": 0,
      "error_404": 0,
      "error_409": 0,
      "error_500": 0,
      "throughput": 244.21217153462928,
      "avg_latency": 241.8969
    },
    {
      "combination": "BASE_REDIS",
      "total_requests": 10020,
      "successful": 10020,
      "failed": 0,
      "total_errors": 0,
      "success_rate": 100.0,
      "error_rate": 0.0,
      "avg_response_time": 219.7256487025948,
      "min_response_time": 10.0,
      "max_response_time": 1500.0,
      "median_response_time": 183.0,
      "p95_response_time": 530.0,
      "p99_response_time": 654.0,
      "error_400": 0,
      "error_401": 0,
      "error_404": 0,
      "error_409": 0,
      "error_500": 0,
      "throughput": 248.67843049661232,
      "avg_latency": 218.3049900199601
    },
    {
      "combination": "BASE_REDIS_KAFKA",
      "total_requests": 10170,
      "successful": 10070,
      "failed": 100,
      "total_errors": 100,
      "success_rate": 99.01671583087513,
      "error_rate": 0.983284169124877,
      "avg_response_time": 238.62621648460774,
      "min_response_time": 8.0,
      "max_response_time": 1847.0,
      "median_response_time": 187.0,
      "p95_response_time": 567.0,
      "p99_response_time": 756.9299999999985,
      "error_400": 0,
      "error_401": 0,
      "error_404": 50,
      "error_409": 50,
      "error_500": 0,
      "throughput": 250.8880994671403,
      "avg_latency": 235.7086529006883
    },
    {
      "combination": "ALL_OPTIMIZATIONS",
      "total_requests": 10170,
      "successful": 10070,
      "failed": 100,
      "total_errors": 100,
      "success_rate": 99.01671583087513,
      "error_rate": 0.983284169124877,
      "avg_response_time": 228.47040714995035,
      "min_response_time": 10.0,
      "max_response_time": 1404.0,
      "median_response_time": 183.0,
      "p95_response_time": 538.0,
      "p99_response_time": 705.3099999999995,
      "error_400": 0,
      "error_401": 0,
      "error_404": 50,
      "error_409": 50,
      "error_500": 0,
      "throughput": 257.540074451113,
      "avg_latency": 225.707866273353
    }
  ]
}