{
  "generated_at": "2025-12-06T20:49:20.440535",
  "combinations": [
    {
      "combination": "BASE",
      "total_requests": 11000,
      "successful": 7000,
      "failed": 4000,
      "total_errors": 4000,
      "success_rate": 63.63636363636363,
      "error_rate": 36.36363636363637,
      "avg_response_time": 356.2977272727273,
      "min_response_time": 11.0,
      "max_response_time": 1129.0,
      "median_response_time": 315.0,
      "p95_response_time": 742.0,
      "p99_response_time": 915.0100000000002,
      "error_400": 2000,
      "error_401": 1000,
      "error_404": 1000,
      "error_409": 0,
      "error_500": 0,
      "throughput": 200.24028834601523,
      "avg_latency": 355.6200909090909
    },
    {
      "combination": "BASE_REDIS",
      "total_requests": 11020,
      "successful": 3255,
      "failed": 7765,
      "total_errors": 7765,
      "success_rate": 29.537205081669693,
      "error_rate": 70.4627949183303,
      "avg_response_time": 172.5785843920145,
      "min_response_time": 4.0,
      "max_response_time": 889.0,
      "median_response_time": 139.0,
      "p95_response_time": 414.0499999999993,
      "p99_response_time": 578.4299999999985,
      "error_400": 943,
      "error_401": 413,
      "error_404": 444,
      "error_409": 0,
      "error_500": 0,
      "throughput": 337.2815474550852,
      "avg_latency": 104.0440108892922
    },
    {
      "combination": "BASE_REDIS_KAFKA",
      "total_requests": 11170,
      "successful": 7000,
      "failed": 4170,
      "total_errors": 4170,
      "success_rate": 62.66786034019696,
      "error_rate": 37.33213965980304,
      "avg_response_time": 291.2376902417189,
      "min_response_time": 11.0,
      "max_response_time": 1249.0,
      "median_response_time": 248.0,
      "p95_response_time": 636.0,
      "p99_response_time": 847.3099999999995,
      "error_400": 2070,
      "error_401": 1000,
      "error_404": 1050,
      "error_409": 50,
      "error_500": 0,
      "throughput": 232.40330399683748,
      "avg_latency": 290.45461056401075
    },
    {
      "combination": "ALL_OPTIMIZATIONS",
      "total_requests": 11170,
      "successful": 7000,
      "failed": 4170,
      "total_errors": 4170,
      "success_rate": 62.66786034019696,
      "error_rate": 37.33213965980304,
      "avg_response_time": 329.0435989256938,
      "min_response_time": 8.0,
      "max_response_time": 1344.0,
      "median_response_time": 296.0,
      "p95_response_time": 713.0,
      "p99_response_time": 916.3099999999995,
      "error_400": 2070,
      "error_401": 1000,
      "error_404": 1050,
      "error_409": 50,
      "error_500": 0,
      "throughput": 216.40995834544222,
      "avg_latency": 327.4130707251567
    }
  ]
}